ID,Edad,Genero,Ciudad,Ingresos_Mensuales,Frecuencia_Compra,Ultima_Compra_dias,Compra
1,,Masculino,Cuenca,2946,3,103,0
2,,,,1340,8,72,0
3,,Femenino,Ambato,1052,8,173,1
4,,,Quito,2321,2,4,0
5,35,,Quito,1522,2,166,1
6,,Masculino,Cuenca,4942,7,4,0
7,,Masculino,Ambato,2103,10,128,1
8,,Masculino,Ambato,3937,3,99,1
9,,Femenino,Cuenca,1393,6,70,1
10,,Masculino,Quito,2239,16,105,0
11,,,,4863,4,18,1
12,,,Guayaquil,2138,4,73,0
13,65,Femenino,Ambato,3373,14,80,0
14,,Femenino,Guayaquil,2832,18,140,1
15,50,Masculino,Quito,4125,17,123,1
16,,Femenino,Ambato,4845,10,161,0
17,,Femenino,Ambato,1913,5,23,0
18,,Masculino,Guayaquil,2480,19,10,0
19,,Femenino,Cuenca,2519,16,85,0
20,,Masculino,Quito,4812,16,90,0
21,67,Masculino,Cuenca,1727,9,41,1
22,,,Quito,3219,6,119,0
23,20,,Cuenca,771,14,17,0
24,,Masculino,Cuenca,887,15,68,0
25,57,Femenino,Cuenca,1050,12,70,0
26,,,,2491,12,82,1
27,,Masculino,Guayaquil,1774,4,148,0
28,65,,Guayaquil,4080,5,93,0
29,,,Guayaquil,1392,4,125,1
30,,,Quito,4600,19,172,0
31,,Masculino,Quito,4566,11,110,0
32,,Femenino,Quito,4516,4,57,0
33,,,Ambato,558,17,98,1
34,,,,1991,2,33,1
35,,,Ambato,4441,18,102,0
36,,Masculino,Guayaquil,4893,16,19,0
37,,,Cuenca,4851,17,37,0
38,52,Masculino,,2540,4,68,0
39,,Femenino,Ambato,4898,12,38,0
40,,Femenino,Ambato,4882,18,47,0
41,,Femenino,Ambato,652,16,169,0
42,,,Ambato,2035,11,55,1
43,,Masculino,Guayaquil,2227,9,155,0
44,,Femenino,Ambato,2106,8,176,0
45,,,Quito,2885,3,21,0
46,,Femenino,Ambato,3630,1,93,0
47,40,,Quito,659,4,95,0
48,,,Cuenca,3113,6,40,1
49,33,,,4629,1,147,1
50,,Femenino,Ambato,2838,3,127,1
51,,Masculino,Cuenca,3095,1,41,0
52,,,,4917,11,129,0
53,,,Ambato,3711,16,166,1
54,32,Femenino,Cuenca,3776,19,93,0
55,,Masculino,Quito,2221,6,136,0
56,,Femenino,Ambato,3085,8,53,0
57,61,,Cuenca,1446,5,14,0
58,,,Cuenca,2349,1,62,0
59,43,Femenino,Guayaquil,2404,3,113,0
60,,Femenino,Ambato,3954,3,96,0
61,67,Femenino,Ambato,956,14,129,0
62,30,Masculino,Cuenca,1916,1,175,1
63,36,,,4394,6,9,1
64,19,Femenino,Ambato,4437,2,150,0
65,69,Masculino,Ambato,1851,10,61,0
66,,,Ambato,1959,4,67,0
67,66,Femenino,Guayaquil,3993,8,136,1
68,,Femenino,Cuenca,1604,2,68,0
69,,,Quito,3164,0,93,0
70,21,,Cuenca,2034,6,157,0
71,,Femenino,Quito,2348,5,83,0
72,,,Guayaquil,4269,1,169,1
73,,Masculino,Guayaquil,807,19,172,1
74,,Femenino,Ambato,3972,12,136,0
75,,,Cuenca,3740,16,4,0
76,21,Femenino,Quito,521,8,86,0
77,,Masculino,Cuenca,3215,5,157,0
78,21,Femenino,Guayaquil,480,2,24,1
79,24,Masculino,,1865,11,103,1
80,27,Masculino,Cuenca,1186,4,19,0
81,,Masculino,Guayaquil,2440,1,84,0
82,32,Masculino,Guayaquil,4210,9,152,0
83,,Masculino,,4856,18,33,0
84,,Femenino,,2361,14,110,0
85,45,Femenino,Quito,2382,18,142,0
86,56,,Ambato,3378,13,23,1
87,,Masculino,Guayaquil,2613,7,158,0
88,,,Quito,1012,3,59,0
89,,Masculino,,3459,5,105,1
90,,Masculino,Cuenca,1032,5,75,0
91,,,Cuenca,1670,8,11,0
92,,Femenino,Ambato,2033,13,167,0
93,65,,Quito,2961,1,174,0
94,34,,Cuenca,826,19,47,1
95,,Masculino,,731,4,95,0
96,,Femenino,Quito,1029,1,166,1
97,,Femenino,Guayaquil,1505,4,33,1
98,,Masculino,,1550,17,54,0
99,64,,Quito,1441,11,178,1
100,33,,,3318,4,37,0
101,,,,3610,15,68,0
102,58,,,4532,6,8,1
103,63,Femenino,Quito,3613,15,139,0
104,18,Femenino,Quito,1023,11,28,0
105,,Femenino,Guayaquil,1511,4,172,0
106,,Femenino,Cuenca,2882,6,126,0
107,,Femenino,Ambato,1065,13,115,0
108,,Femenino,Quito,3874,4,39,0
109,,,Ambato,967,15,129,0
110,,Masculino,Guayaquil,903,4,10,1
111,,,Ambato,3327,2,29,1
112,,,,2161,2,100,0
113,62,Femenino,Ambato,3514,13,26,0
114,69,Femenino,Guayaquil,928,7,158,0
115,,Masculino,Cuenca,4384,12,71,1
116,,Femenino,Quito,2065,17,31,0
117,,,Quito,2371,1,50,0
118,,Masculino,Ambato,3376,10,58,1
119,,Femenino,Cuenca,560,7,158,1
120,,Femenino,Ambato,3104,19,107,1
121,,Masculino,Ambato,1079,0,176,0
122,,,Cuenca,1060,1,24,0
123,,Femenino,,4067,13,135,0
124,,Masculino,Ambato,2364,19,120,1
125,,,Guayaquil,3711,19,113,0
126,26,Femenino,Cuenca,3756,17,114,1
127,,,Guayaquil,1852,17,1,0
128,,Masculino,Cuenca,796,15,151,1
129,58,,Cuenca,2947,8,109,1
130,,,Cuenca,2790,4,15,1
131,,Masculino,Guayaquil,1151,18,27,0
132,,Masculino,Quito,1330,5,45,1
133,,,,656,19,110,0
134,31,Femenino,Guayaquil,3785,4,53,1
135,19,Masculino,Ambato,4426,0,113,1
136,,,Guayaquil,1079,15,155,1
137,21,Masculino,Quito,3242,6,140,1
138,35,Femenino,Quito,4159,16,69,0
139,,Masculino,Ambato,4698,19,23,1
140,,,Cuenca,2548,15,29,0
141,68,Masculino,,2282,4,145,0
142,,Femenino,Quito,1091,15,29,0
143,,Femenino,,4151,9,154,0
144,,Femenino,Quito,2493,19,123,0
145,64,,,499,13,137,1
146,63,,Ambato,4349,5,31,1
147,36,,,1327,4,17,0
148,,,Cuenca,2860,4,35,0
149,,Masculino,Quito,3756,4,178,0
150,,Masculino,Guayaquil,1068,2,7,0
151,,Masculino,Cuenca,4003,5,34,1
152,,,Ambato,1355,19,169,1
153,,,,814,12,157,1
154,63,Femenino,Cuenca,3444,2,15,0
155,,,Guayaquil,635,2,142,0
156,,,,3498,9,101,0
157,43,Femenino,,2409,11,73,0
158,45,Femenino,Ambato,2799,10,31,1
159,,Femenino,Guayaquil,871,16,136,1
160,21,,Ambato,4221,1,49,0
161,,Masculino,Quito,4237,18,117,0
162,,Femenino,Ambato,1167,4,124,1
163,,,Ambato,3023,18,115,0
164,,Femenino,Quito,4947,15,62,0
165,,Femenino,,490,18,86,1
166,,Femenino,Quito,1095,17,84,0
167,,Femenino,Ambato,791,17,138,1
168,,Femenino,Cuenca,1062,11,78,1
169,,Femenino,,4410,19,88,1
170,,Masculino,Ambato,2108,5,66,0
171,,Masculino,,1820,3,84,0
172,,,,4243,8,133,0
173,,Masculino,Cuenca,1621,19,3,0
174,,,Cuenca,3213,6,174,1
175,46,Femenino,Quito,4585,12,76,0
176,,,Cuenca,2689,3,33,0
177,28,,,747,9,118,0
178,21,Masculino,Quito,4895,10,133,0
179,21,,Ambato,4517,8,57,0
180,41,Femenino,Cuenca,1094,9,40,0
181,52,Masculino,Ambato,909,0,154,1
182,55,Femenino,Ambato,1267,4,122,0
183,67,Femenino,,4589,13,85,0
184,,,Guayaquil,2971,15,93,0
185,,Masculino,Ambato,664,14,80,0
186,,,,3779,10,16,0
187,63,,,3432,15,127,1
188,28,Masculino,Ambato,4244,7,133,1
189,,Femenino,Quito,2241,7,82,1
190,43,,Cuenca,1222,5,137,0
191,,,,2503,11,150,0
192,,Femenino,,438,18,47,0
193,,Femenino,,4520,9,48,1
194,,,,4963,19,172,0
195,25,Masculino,Quito,588,7,178,1
196,,,,4472,9,127,0
197,,,Ambato,2272,6,90,0
198,,Femenino,Quito,4304,14,141,0
199,,Masculino,Cuenca,750,1,51,0
200,,Femenino,Quito,1772,11,109,1
201,,,Guayaquil,4352,1,60,1
202,68,Femenino,Ambato,2371,14,91,0
203,62,Femenino,,3370,17,145,0
204,,Masculino,Cuenca,4906,15,10,1
205,,Femenino,,2837,0,91,1
206,,Masculino,Ambato,4401,4,144,0
207,,Masculino,Cuenca,4853,10,162,0
208,,Masculino,,3765,4,132,0
209,,,Guayaquil,1567,10,137,0
210,,,Quito,4034,14,17,1
211,32,,,4386,8,42,0
212,41,Masculino,Guayaquil,638,10,122,0
213,,Femenino,,4285,11,65,0
214,,Masculino,Quito,4999,5,95,1
215,,Masculino,Ambato,3171,3,19,0
216,,Femenino,Quito,2683,16,61,0
217,,,,3548,8,60,0
218,,,Ambato,416,13,163,0
219,,Masculino,Quito,3589,14,4,0
220,,Masculino,,831,0,176,1
221,22,Femenino,Quito,934,2,32,1
222,,,Ambato,4458,19,126,1
223,50,,Ambato,3264,8,160,0
224,,,,1895,10,35,0
225,,Femenino,Ambato,2417,16,158,1
226,,Masculino,Ambato,3233,16,150,0
227,,Femenino,Quito,2475,6,145,0
228,,,Ambato,4202,14,78,1
229,,,Quito,1433,14,82,1
230,,Femenino,Cuenca,3169,12,87,0
231,19,Masculino,Guayaquil,3865,10,98,1
232,,,Cuenca,4940,17,104,0
233,40,,,1269,16,126,1
234,,Femenino,,1037,18,41,0
235,,Femenino,Quito,3667,17,127,1
236,,Masculino,Ambato,4952,18,120,0
237,53,,Cuenca,499,9,35,1
238,,,Ambato,3641,12,167,1
239,,Femenino,Ambato,3378,19,30,0
240,,Femenino,Guayaquil,1194,7,101,1
241,,Femenino,,2498,1,116,0
242,57,Femenino,,3108,2,147,0
243,,Masculino,Cuenca,2753,3,154,1
244,,Masculino,Guayaquil,4680,10,22,1
245,,,Ambato,4829,16,17,0
246,,,Ambato,2284,9,75,0
247,47,Masculino,Quito,2295,9,167,1
248,37,Femenino,Guayaquil,1747,17,158,0
249,55,,Quito,2062,2,0,0
250,19,Femenino,,1962,1,47,0
251,,Femenino,,4523,18,127,0
252,,,Guayaquil,2299,4,41,0
253,,Femenino,Guayaquil,2762,9,25,0
254,,,,2737,1,43,0
255,43,,,1869,4,127,0
256,,Femenino,,4536,8,12,0
257,,,,2877,9,170,0
258,,,Cuenca,1752,19,22,0
259,,,,3379,5,0,1
260,,,,4933,6,161,0
261,48,,Ambato,1721,0,71,0
262,30,,Cuenca,2488,11,150,1
263,,Masculino,Ambato,3957,4,125,0
264,,,Cuenca,4307,1,117,0
265,,,Quito,2373,9,70,1
266,56,Masculino,Cuenca,3930,10,36,1
267,,,Guayaquil,1311,9,164,1
268,25,,Cuenca,2549,17,66,1
269,,Femenino,Quito,3361,3,57,0
270,32,Masculino,Cuenca,4033,6,12,0
271,,Femenino,Cuenca,1631,16,62,1
272,,Femenino,Guayaquil,1808,13,65,0
273,,,Cuenca,3347,18,172,1
274,55,,,2360,2,12,0
275,,,Cuenca,4650,0,116,1
276,32,,,3393,7,17,0
277,,Masculino,Ambato,3668,16,33,0
278,,Femenino,Quito,1044,0,46,0
279,,Femenino,,4152,16,40,0
280,,,,634,11,154,0
281,55,,Quito,1321,16,138,0
282,,Femenino,Ambato,1562,5,42,1
283,24,,Ambato,4394,0,47,0
284,,,,846,19,95,0
285,,Masculino,Guayaquil,4157,12,157,1
286,,Femenino,Quito,1455,6,64,1
287,,,Ambato,1209,4,127,1
288,69,Femenino,Ambato,3545,10,43,0
289,,Masculino,,1209,2,161,1
290,21,Femenino,Guayaquil,2747,7,3,0
291,,,Guayaquil,2056,9,99,0
292,,,Cuenca,4253,13,9,0
293,,,Guayaquil,964,1,23,0
294,,Masculino,Cuenca,3348,1,14,0
295,,Masculino,Cuenca,569,12,41,1
296,,Masculino,,2621,8,162,1
297,,,Cuenca,2991,14,168,0
298,,,Guayaquil,4656,0,86,0
299,,Masculino,,803,9,122,0
300,20,,Guayaquil,782,3,97,1
301,32,Masculino,,1538,7,103,0
302,20,Masculino,Guayaquil,3780,15,170,0
303,,Masculino,Ambato,458,2,152,1
304,,Femenino,Guayaquil,2358,4,135,0
305,,Masculino,Ambato,4041,12,131,0
306,50,,Quito,4692,12,7,0
307,21,,Ambato,4974,4,122,0
308,,Femenino,,2024,10,122,0
309,,,Quito,4082,13,111,0
310,,Femenino,Ambato,2245,15,81,0
311,,,,3584,0,74,0
312,,Masculino,Ambato,1165,5,34,0
313,39,Masculino,,894,9,131,1
314,,,Ambato,2295,9,89,0
315,49,Masculino,Cuenca,1750,12,81,1
316,,,Ambato,3854,2,68,1
317,,Femenino,Guayaquil,2061,13,170,1
318,,Masculino,Ambato,3412,9,150,1
319,45,,Ambato,2616,12,102,1
320,,Femenino,Ambato,3855,8,25,0
321,34,Masculino,Ambato,2644,12,30,1
322,,Masculino,Ambato,3539,19,88,0
323,,,Quito,3384,16,57,0
324,55,,Guayaquil,4088,13,58,0
325,,Masculino,,746,6,109,1
326,,,Quito,2408,12,62,0
327,,,Cuenca,3129,9,112,1
328,,Masculino,Cuenca,3454,18,63,1
329,,Masculino,Cuenca,1980,4,159,0
330,48,,Quito,1582,6,54,1
331,,Femenino,Quito,4957,11,60,0
332,,Femenino,Cuenca,4492,19,16,1
333,,Masculino,,1225,1,25,0
334,18,,Guayaquil,1335,13,107,1
335,,Masculino,Cuenca,1987,3,148,1
336,46,Femenino,,682,0,131,0
337,,Masculino,Cuenca,2548,2,101,0
338,39,,Ambato,3594,19,178,0
339,46,Femenino,Ambato,3371,8,124,0
340,26,,,1075,19,37,0
341,58,,Cuenca,4083,11,157,0
342,38,,,2985,1,160,1
343,,,Quito,564,16,22,1
344,,Femenino,,4351,1,5,1
345,57,Femenino,Cuenca,433,2,37,1
346,43,,Ambato,4041,19,166,0
347,,Masculino,Guayaquil,1171,14,8,0
348,,Masculino,,3315,17,8,1
349,50,Masculino,,3540,11,142,0
350,,,Ambato,4864,19,63,0
351,59,Femenino,,3229,10,174,0
352,,Femenino,Ambato,4634,13,97,0
353,60,Masculino,Cuenca,3871,11,90,1
354,21,Femenino,Ambato,4971,1,82,1
355,,Femenino,Quito,3288,15,122,1
356,,Masculino,Quito,,11,25,0
357,,Femenino,Quito,2576,7,128,1
358,40,Femenino,Cuenca,1144,0,98,1
359,64,,Cuenca,1864,15,160,0
360,,,,2954,10,40,0
361,67,Femenino,Ambato,2379,4,125,0
362,,Masculino,Ambato,1747,15,27,0
363,26,Femenino,Quito,1300,18,52,0
364,,Femenino,Ambato,4738,16,103,0
365,,Masculino,Ambato,531,6,179,1
366,,,Guayaquil,532,12,84,0
367,,Femenino,Quito,,19,139,0
368,,,Ambato,2096,3,0,1
369,,,,522,3,89,0
370,,,Cuenca,1322,4,22,0
371,,Masculino,Ambato,4962,13,144,0
372,,Femenino,Cuenca,1385,19,22,0
373,,Masculino,Quito,4251,18,88,0
374,44,Femenino,,2724,3,167,0
375,,Masculino,Ambato,1438,15,160,1
376,,,Guayaquil,619,2,52,1
377,57,,Guayaquil,703,8,50,0
378,,Masculino,Quito,4390,2,179,0
379,57,,Guayaquil,4902,3,108,1
380,,Masculino,Cuenca,970,11,122,0
381,26,Femenino,Guayaquil,4421,6,164,0
382,20,Masculino,,4886,1,108,0
383,,Femenino,Cuenca,759,12,125,0
384,21,Masculino,Cuenca,3888,16,84,1
385,57,Masculino,,4129,10,20,1
386,,,,3097,17,65,0
387,,,,4939,3,89,0
388,,Femenino,,2524,0,50,0
389,47,Masculino,,4333,8,168,1
390,42,,,3653,13,57,1
391,56,Masculino,Ambato,1586,2,137,0
392,,Masculino,Ambato,2879,9,30,1
393,50,Masculino,Cuenca,2798,12,24,0
394,,Femenino,Quito,1213,15,23,1
395,,Masculino,Guayaquil,2644,14,69,0
396,,,Cuenca,1281,2,51,0
397,,Femenino,Ambato,2135,19,146,0
398,,Masculino,,3779,7,33,0
399,18,,,4026,2,3,1
400,48,Masculino,Quito,2166,4,62,0
401,38,Femenino,Quito,1482,12,114,0
402,41,Femenino,Guayaquil,1918,19,103,1
403,36,,,1456,4,136,0
404,,Masculino,Ambato,1232,19,53,1
405,,Femenino,Guayaquil,2803,12,47,0
406,,Masculino,Ambato,872,11,67,1
407,37,,Guayaquil,540,6,93,0
408,,,,3951,16,112,1
409,,Femenino,Ambato,1015,8,75,0
410,24,Masculino,Cuenca,1222,11,175,0
411,,Masculino,Guayaquil,1091,12,138,0
412,,Femenino,Cuenca,687,16,124,1
413,,Masculino,Guayaquil,1551,4,14,1
414,28,Masculino,Guayaquil,1632,8,26,0
415,,Femenino,Ambato,2025,7,152,0
416,,Masculino,Ambato,3355,18,64,0
417,60,Femenino,Quito,4233,10,51,1
418,33,,Guayaquil,1159,9,7,1
419,,,Cuenca,2058,14,107,1
420,21,Masculino,Quito,3389,10,51,0
421,,Masculino,Guayaquil,2439,7,23,1
422,67,,Cuenca,3640,0,60,0
423,51,Masculino,Quito,2638,10,57,1
424,52,Femenino,,3893,11,146,0
425,,,Ambato,2723,9,1,1
426,30,Masculino,,4713,18,108,0
427,,Masculino,Guayaquil,,10,0,0
428,44,,Cuenca,2302,18,72,0
429,59,Masculino,Cuenca,3016,19,117,0
430,,Masculino,,3147,0,178,1
431,63,,Ambato,4164,15,70,0
432,54,,Cuenca,1552,8,164,0
433,,Femenino,Cuenca,3763,14,172,1
434,,Femenino,Ambato,3567,7,86,0
435,,Masculino,Quito,3866,17,92,0
436,51,Masculino,,822,3,16,0
437,26,Masculino,Ambato,1552,16,11,1
438,,Masculino,Cuenca,3554,8,116,0
439,,Masculino,,1674,2,117,0
440,18,Masculino,,4164,14,175,0
441,40,Masculino,Quito,3082,15,90,0
442,50,,,3590,18,64,1
443,,Femenino,Ambato,4166,3,50,0
444,,Masculino,Quito,1656,14,57,1
445,38,,,3878,2,45,0
446,,Masculino,Cuenca,3965,1,99,0
447,44,Femenino,Ambato,2854,16,157,1
448,,Masculino,,3515,11,85,1
449,,,Guayaquil,4767,13,66,1
450,,,Cuenca,4076,18,79,0
451,24,Masculino,,3120,9,53,1
452,,Femenino,Guayaquil,3054,2,71,1
453,,Femenino,Ambato,2869,18,165,1
454,,,,4787,17,57,1
455,,Masculino,Guayaquil,3600,5,156,1
456,46,Masculino,Ambato,2025,1,153,1
457,,Femenino,Guayaquil,1336,5,37,1
458,,,Ambato,1954,9,55,1
459,,,Quito,1117,19,88,1
460,,Masculino,Ambato,825,5,32,0
461,65,Femenino,Quito,4922,5,57,0
462,,Masculino,Guayaquil,4661,6,125,1
463,58,,Ambato,1590,4,44,1
464,,Femenino,Ambato,3664,0,17,0
465,,Femenino,,1456,13,56,0
466,40,,Cuenca,3445,4,15,1
467,,Masculino,Cuenca,413,16,60,1
468,,Masculino,Ambato,759,5,49,1
469,50,Masculino,Cuenca,2646,17,157,0
470,,Masculino,Quito,4392,16,67,1
471,,Femenino,Quito,4071,8,9,1
472,,Masculino,Cuenca,2237,1,164,0
473,24,Femenino,Cuenca,3671,6,121,0
474,,Femenino,,4237,1,168,1
475,24,Femenino,Quito,,14,122,1
476,,Femenino,Quito,1989,2,69,0
477,,Femenino,Quito,4920,13,42,1
478,,Femenino,Quito,4916,7,134,1
479,,Femenino,Guayaquil,4674,6,156,1
480,45,Femenino,Cuenca,4497,11,88,0
481,63,Masculino,Cuenca,2361,8,6,0
482,39,Masculino,Ambato,3381,19,123,0
483,38,,,1180,16,83,0
484,,Masculino,Guayaquil,4995,13,125,1
485,49,Masculino,Guayaquil,2655,13,40,1
486,,,Guayaquil,3247,17,17,0
487,,Femenino,Guayaquil,4340,15,64,1
488,,Femenino,,1950,6,167,0
489,38,Femenino,Quito,4689,9,37,0
490,52,Femenino,Guayaquil,,9,145,0
491,40,Femenino,Guayaquil,1775,11,77,0
492,41,Femenino,Quito,,6,33,0
493,,,,2406,18,125,1
494,,Masculino,Guayaquil,3750,18,2,0
495,,Femenino,,1588,11,30,0
496,,Femenino,Ambato,3907,13,122,1
497,,,Quito,2613,10,67,0
498,,Masculino,Quito,,8,18,1
499,69,Femenino,,1852,17,44,0
500,,Femenino,Cuenca,1648,19,85,1
501,,,Cuenca,2248,16,169,0
502,58,,Ambato,4512,15,50,0
503,,Femenino,,1913,0,90,0
504,,Masculino,,3456,1,17,1
505,,Masculino,Quito,1217,3,107,0
506,,Femenino,Cuenca,3624,13,36,1
507,,Femenino,Quito,2287,19,108,0
508,,Femenino,,4580,6,23,0
509,56,Masculino,Cuenca,2806,1,18,0
510,,,Ambato,573,6,85,1
511,18,,Ambato,523,5,56,0
512,,,,4503,8,92,1
513,37,Femenino,Ambato,765,3,113,0
514,,Masculino,,1761,17,149,0
515,,Femenino,Cuenca,3805,7,83,0
516,,Masculino,Guayaquil,2270,1,128,0
517,,Femenino,Cuenca,1952,13,22,0
518,,,Ambato,3670,2,167,1
519,,Femenino,Ambato,1142,7,136,0
520,20,,,1239,1,125,0
521,,Femenino,Cuenca,513,17,107,0
522,,Masculino,Ambato,3530,8,68,1
523,,Masculino,Guayaquil,1324,1,23,1
524,55,Femenino,Quito,3508,9,168,0
525,45,,,1327,8,165,0
526,64,,Ambato,4174,9,175,1
527,27,Masculino,,968,7,77,0
528,,Femenino,Quito,2369,5,112,1
529,,Masculino,Quito,889,17,91,1
530,,Masculino,Guayaquil,2719,12,70,1
531,,Femenino,Guayaquil,1517,12,145,1
532,51,Femenino,Ambato,3203,17,118,1
533,,,Cuenca,3358,18,116,0
534,,Femenino,Quito,4198,5,100,0
535,,,Ambato,2166,5,84,1
536,20,Masculino,Quito,2607,19,133,0
537,25,,,923,11,21,0
538,68,Masculino,Ambato,2416,8,111,0
539,39,Femenino,,2608,2,6,0
540,62,Masculino,Ambato,3620,13,111,1
541,,Masculino,Cuenca,1432,9,32,0
542,,,Quito,4217,3,103,1
543,,,,3227,8,32,1
544,45,,Ambato,4344,19,92,0
545,,,Cuenca,901,12,0,0
546,,Masculino,Cuenca,2736,2,152,1
547,46,,,4091,3,169,0
548,,Masculino,Guayaquil,1669,3,134,0
549,,Femenino,Guayaquil,1258,9,92,0
550,,,,1235,0,95,0
551,21,Femenino,Cuenca,1643,4,157,0
552,,Masculino,,2580,6,70,1
553,,Masculino,Quito,4463,0,155,0
554,,Masculino,,4204,2,134,1
555,46,Masculino,Cuenca,3151,13,114,0
556,,Femenino,Guayaquil,2513,11,67,1
557,,Femenino,Guayaquil,3336,1,56,0
558,32,,Guayaquil,2844,10,146,1
559,,,Quito,4656,13,142,0
560,57,,Quito,4616,6,93,0
561,,Femenino,Ambato,1238,13,145,0
562,,,Ambato,4527,15,14,0
563,,Femenino,,2726,14,126,0
564,51,,Guayaquil,4770,13,8,0
565,,Femenino,,2265,5,51,1
566,,,Guayaquil,2772,19,171,1
567,,Femenino,Guayaquil,897,6,162,1
568,,Masculino,Guayaquil,2720,19,170,0
569,,,Cuenca,2661,8,127,1
570,,Masculino,Quito,1896,3,149,1
571,,Masculino,Quito,3324,10,2,0
572,19,Masculino,Ambato,3248,0,8,1
573,,Femenino,Cuenca,4874,7,75,0
574,43,,,2328,8,104,1
575,61,Femenino,Cuenca,4224,9,70,0
576,35,,,3628,0,78,0
577,,Femenino,Cuenca,3999,7,8,1
578,47,Masculino,,712,1,174,1
579,,Masculino,Guayaquil,4723,0,28,0
580,40,Masculino,Cuenca,4125,9,63,1
581,65,,Guayaquil,1401,18,36,1
582,,Femenino,Guayaquil,1960,0,150,0
583,40,Masculino,Guayaquil,1538,6,155,0
584,57,Femenino,Quito,4606,0,53,0
585,,Femenino,Guayaquil,1463,4,42,1
586,,Masculino,Ambato,4002,14,119,0
587,,,Ambato,1380,3,157,1
588,,Femenino,Quito,2806,4,29,0
589,,Masculino,Cuenca,4991,13,142,1
590,,Masculino,Ambato,1192,19,90,0
591,19,,Quito,1164,17,30,0
592,,Masculino,Ambato,4058,15,156,1
593,21,,Guayaquil,2811,15,125,0
594,,,Quito,2749,2,16,0
595,26,Masculino,Cuenca,716,11,132,0
596,33,Femenino,Quito,3087,19,120,1
597,,Femenino,Quito,1451,8,0,1
598,44,,Ambato,989,18,124,1
599,32,Femenino,Ambato,2899,12,138,0
600,,Femenino,Guayaquil,2106,10,49,0
601,42,Masculino,Guayaquil,1587,10,159,1
602,32,Masculino,,977,3,117,1
603,29,,,4237,11,55,0
604,,,,494,3,68,1
605,,,Guayaquil,2551,0,154,0
606,,Femenino,Guayaquil,1075,4,25,0
607,,Masculino,Guayaquil,1376,15,60,0
608,,,,3361,18,70,1
609,48,,Guayaquil,4915,12,100,0
610,,,Guayaquil,3242,1,169,0
611,,Femenino,Cuenca,4664,12,87,0
612,,Masculino,Quito,2038,8,109,0
613,31,,,4080,9,144,1
614,,Femenino,,3971,8,48,1
615,,Masculino,Guayaquil,1261,10,93,0
616,31,Masculino,Ambato,3832,7,142,0
617,,Masculino,Ambato,406,13,128,0
618,42,,Ambato,1670,7,45,0
619,,Masculino,Quito,2197,5,94,0
620,,Femenino,Cuenca,458,10,68,0
621,,Masculino,,4321,3,137,1
622,35,Femenino,Guayaquil,2694,19,19,0
623,,Femenino,Ambato,3374,15,176,0
624,,Femenino,Ambato,2787,10,48,0
625,,Masculino,,4330,4,105,0
626,,Femenino,Guayaquil,2724,15,160,1
627,,Femenino,Ambato,3472,4,34,0
628,,,,3222,6,131,0
629,,Masculino,Guayaquil,3928,13,50,0
630,,Femenino,Quito,623,0,61,0
631,34,,Ambato,4187,7,34,0
632,,Femenino,Guayaquil,1080,11,22,0
633,57,,,1187,4,38,0
634,39,Masculino,Ambato,4928,8,27,0
635,,Femenino,,3704,8,24,1
636,,Femenino,,1595,8,75,0
637,,Masculino,Ambato,2182,9,9,0
638,34,Masculino,Cuenca,4942,10,55,0
639,,,Ambato,2028,19,19,0
640,,,Quito,3074,3,132,0
641,50,Femenino,Cuenca,4878,17,19,0
642,18,Femenino,Ambato,4031,10,139,0
643,,Femenino,Ambato,1188,0,95,1
644,,Femenino,Cuenca,3831,5,75,1
645,,,Ambato,1942,18,136,1
646,,Masculino,Quito,1598,4,47,0
647,,,Guayaquil,3472,12,58,0
648,,,Quito,4476,5,87,0
649,,Masculino,Cuenca,4562,8,86,1
650,,Femenino,Guayaquil,2785,1,43,1
651,18,Femenino,Ambato,660,2,81,1
652,,Masculino,Ambato,4137,6,175,1
653,,Masculino,Guayaquil,1315,14,22,0
654,,,Ambato,2966,1,129,0
655,,Masculino,Guayaquil,1088,19,63,0
656,,Femenino,Quito,3259,14,45,0
657,,Masculino,Quito,2046,9,42,1
658,32,Masculino,,1518,14,89,0
659,,Masculino,Cuenca,2087,1,151,0
660,,Femenino,,3432,18,35,0
661,,Masculino,,,17,5,1
662,54,Femenino,,1473,9,57,1
663,47,Femenino,,4390,14,64,1
664,28,Masculino,Quito,1842,17,154,0
665,49,Femenino,Guayaquil,1978,13,84,0
666,19,,Ambato,2573,16,78,1
667,,Masculino,Cuenca,1217,18,38,0
668,,,Quito,1063,11,178,0
669,39,Masculino,Quito,4589,5,117,1
670,,,Guayaquil,1431,1,166,0
671,,,Cuenca,3958,19,20,0
672,,Masculino,Ambato,1008,0,131,1
673,47,Femenino,Guayaquil,978,19,90,1
674,,Femenino,Quito,2082,13,72,0
675,38,Masculino,Ambato,4145,8,56,1
676,,Masculino,Cuenca,1211,14,103,1
677,37,Masculino,Quito,1686,4,81,0
678,,Femenino,Quito,4877,13,163,1
679,52,Masculino,Ambato,4938,2,78,1
680,46,Masculino,,3915,1,111,1
681,,Masculino,Quito,2247,18,33,1
682,,,,3533,15,80,1
683,,Masculino,Guayaquil,3342,10,131,0
684,,Masculino,Cuenca,4926,12,94,1
685,49,Femenino,Ambato,781,18,151,0
686,,Masculino,,2956,2,61,1
687,,Femenino,Ambato,1547,7,15,1
688,,Masculino,Ambato,4218,19,121,1
689,45,,,1427,3,116,0
690,,Femenino,Quito,598,17,128,0
691,,,,1016,16,100,0
692,,Femenino,Cuenca,855,18,18,0
693,30,Femenino,Cuenca,429,19,101,0
694,35,,,2165,17,140,1
695,67,Masculino,Quito,1850,14,164,0
696,60,Femenino,Cuenca,4763,6,177,1
697,,,Guayaquil,4956,13,176,0
698,63,,,2685,8,51,0
699,41,Masculino,Guayaquil,550,14,153,0
700,22,Femenino,Cuenca,1096,0,90,1
701,60,Masculino,Guayaquil,3299,11,177,0
702,,Masculino,Ambato,744,17,0,0
703,,Masculino,Guayaquil,4859,6,161,1
704,,Femenino,Cuenca,918,4,95,0
705,,Femenino,Guayaquil,4160,1,163,1
706,30,,,3978,13,130,0
707,38,,Quito,2888,17,149,0
708,,,Ambato,4103,8,122,0
709,,Masculino,Guayaquil,918,11,30,0
710,57,,,1314,4,66,0
711,60,,Ambato,4753,4,85,0
712,,Femenino,Quito,1663,13,25,0
713,66,Masculino,Quito,2715,15,5,0
714,,Masculino,,2477,18,117,1
715,,Masculino,Quito,2327,7,28,1
716,53,Masculino,,4243,13,174,0
717,,,Quito,2519,18,19,1
718,,,Guayaquil,3388,19,90,0
719,,,Cuenca,3784,12,49,0
720,50,Femenino,Cuenca,3783,3,74,1
721,,Femenino,Cuenca,874,0,45,1
722,,Masculino,Cuenca,3516,13,155,0
723,,Masculino,Guayaquil,470,1,129,1
724,,Masculino,Ambato,2316,2,23,0
725,36,Masculino,,4540,18,153,0
726,,Femenino,Ambato,1333,14,0,0
727,48,Masculino,Ambato,2109,3,111,0
728,67,Masculino,Quito,1810,12,68,0
729,,Femenino,Ambato,1914,12,72,0
730,34,Femenino,,764,4,45,1
731,23,Masculino,Guayaquil,3859,12,163,0
732,,,Quito,567,2,82,1
733,36,Masculino,Guayaquil,1195,13,46,1
734,57,Femenino,Cuenca,1271,17,8,1
735,,Masculino,Ambato,3726,4,130,0
736,62,,Guayaquil,1049,16,29,0
737,59,Femenino,Guayaquil,3170,9,66,1
738,,Femenino,Guayaquil,1230,19,86,0
739,,Femenino,,4733,13,44,0
740,,,Cuenca,2774,14,88,0
741,,,Cuenca,649,3,161,1
742,,,,598,13,76,0
743,,,Quito,2121,8,73,0
744,,,Cuenca,1150,11,154,1
745,,Masculino,,2580,13,14,0
746,,,Cuenca,4023,3,9,0
747,,Masculino,Cuenca,2915,2,118,0
748,,Masculino,,3388,3,110,0
749,45,,Guayaquil,1060,4,89,1
750,51,Masculino,Guayaquil,850,3,93,0
751,,Masculino,Cuenca,4246,2,161,0
752,,Masculino,,3592,5,14,0
753,,Masculino,Quito,620,12,86,0
754,,Femenino,Guayaquil,4434,2,104,0
755,,,Guayaquil,4522,7,153,0
756,39,,Cuenca,997,16,136,0
757,,Femenino,Ambato,2923,2,83,0
758,,Femenino,Cuenca,3145,15,159,1
759,,Femenino,Quito,2530,16,35,0
760,29,Masculino,Ambato,638,3,161,0
761,54,Femenino,Guayaquil,1227,14,171,0
762,58,Masculino,Ambato,2767,8,85,1
763,,Masculino,Quito,517,3,149,0
764,,Masculino,Ambato,3065,9,86,1
765,,Femenino,Quito,3357,15,79,0
766,,Masculino,Ambato,1357,8,175,1
767,,Femenino,Guayaquil,686,4,91,0
768,,Masculino,Cuenca,1481,8,41,0
769,34,,Guayaquil,847,2,145,0
770,,,Quito,2346,10,74,1
771,43,,Guayaquil,2702,8,49,0
772,,Femenino,Cuenca,3955,8,77,0
773,,Femenino,Cuenca,2261,14,114,0
774,44,Femenino,,2678,12,131,0
775,,,Ambato,2287,17,108,0
776,,Femenino,Ambato,3186,6,101,1
777,55,,,1644,3,30,1
778,,Masculino,Quito,1239,0,152,0
779,,,Cuenca,3729,8,147,0
780,49,,Ambato,1211,7,100,0
781,18,Masculino,Cuenca,4062,0,168,1
782,26,Masculino,Quito,3906,2,172,1
783,67,,Cuenca,2455,0,124,1
784,,Femenino,,2431,10,26,0
785,,Femenino,,508,15,72,1
786,,Femenino,Guayaquil,1779,3,113,0
787,56,Femenino,Ambato,2225,17,150,0
788,,Femenino,Guayaquil,1134,9,25,0
789,,,Quito,3339,13,35,1
790,,Masculino,Ambato,4507,16,130,0
791,,,Quito,635,1,162,0
792,25,Femenino,Cuenca,1690,14,20,1
793,40,,,3632,19,142,0
794,,Femenino,Cuenca,1658,7,144,0
795,,Masculino,Cuenca,818,3,54,0
796,,Femenino,,882,7,18,0
797,,Femenino,,1486,12,22,1
798,55,,Quito,4674,13,160,1
799,,Femenino,Quito,4772,0,11,1
800,27,Masculino,Quito,3350,15,130,0
801,,,,2422,12,35,0
802,,,Guayaquil,4939,17,29,0
803,,Masculino,Guayaquil,4742,7,158,0
804,,Masculino,Quito,1630,19,36,0
805,,Masculino,Ambato,4262,11,59,1
806,,Masculino,,1342,10,144,1
807,,,Guayaquil,2539,3,9,0
808,29,Masculino,Quito,1022,14,91,1
809,,Masculino,Quito,1332,1,28,0
810,,Masculino,Quito,4203,11,94,1
811,46,Masculino,Guayaquil,4796,1,144,0
812,,Femenino,Quito,3578,12,23,1
813,53,Femenino,Cuenca,2025,8,86,1
814,24,Masculino,Quito,4671,4,82,0
815,,Femenino,Quito,3487,16,90,0
816,45,,Guayaquil,1511,10,51,1
817,,Masculino,Ambato,447,16,4,1
818,,Femenino,Quito,2958,15,97,1
819,22,Masculino,,1454,3,46,1
820,,,Quito,4421,17,150,0
821,,Femenino,Cuenca,614,19,152,0
822,,Masculino,Guayaquil,2979,6,17,0
823,61,,,2425,10,32,0
824,,Masculino,Cuenca,3450,14,24,0
825,,,Ambato,3340,13,105,0
826,35,Masculino,Ambato,3658,10,143,0
827,,Masculino,Cuenca,2253,13,27,0
828,62,Femenino,Ambato,4483,11,83,1
829,68,Masculino,Quito,3455,11,103,0
830,22,,Quito,2026,8,42,1
831,62,,,3614,3,90,1
832,,,Ambato,2541,2,30,1
833,,Femenino,Guayaquil,1839,13,86,0
834,,Masculino,Guayaquil,1857,5,127,1
835,52,Femenino,,433,1,52,0
836,33,,Cuenca,1680,1,102,0
837,,Femenino,Quito,4853,10,8,0
838,58,Masculino,Cuenca,3290,0,53,1
839,61,,Cuenca,1514,19,16,0
840,,,Quito,1825,13,146,1
841,,Masculino,,1399,6,37,1
842,,Masculino,Ambato,1163,16,82,0
843,,Masculino,Guayaquil,1817,9,13,1
844,49,,Ambato,2871,12,1,1
845,,Femenino,Cuenca,3759,12,69,0
846,56,Femenino,Ambato,2958,10,148,0
847,,Masculino,Quito,3022,12,47,0
848,,,Guayaquil,4123,4,76,1
849,46,,Ambato,1841,13,82,1
850,,,,2789,18,161,0
851,,Femenino,Cuenca,999,13,75,1
852,,Femenino,Guayaquil,3500,12,7,0
853,62,,,3396,15,20,1
854,,,Guayaquil,4269,18,146,0
855,51,,Cuenca,1847,13,83,0
856,,Femenino,Cuenca,1027,11,8,0
857,,Femenino,Quito,4868,11,66,0
858,,,,1949,9,0,0
859,57,Femenino,Guayaquil,599,14,178,1
860,32,,Cuenca,3468,12,91,0
861,61,Femenino,,618,18,44,1
862,,,Quito,1920,12,115,0
863,34,Femenino,Ambato,2850,7,19,0
864,,Femenino,Guayaquil,1619,10,159,1
865,65,Masculino,Cuenca,2860,15,121,1
866,,,Cuenca,2484,8,46,0
867,,,,403,7,24,0
868,34,Masculino,Guayaquil,4235,16,91,1
869,,Femenino,Guayaquil,1350,9,13,0
870,42,Masculino,,2284,0,125,0
871,33,Masculino,Cuenca,3479,0,67,0
872,,,,1098,9,153,0
873,,Masculino,,3959,3,102,0
874,49,Femenino,,1678,10,96,0
875,69,,Quito,844,9,137,1
876,42,Masculino,Ambato,1076,2,119,0
877,,Femenino,,4095,9,27,0
878,,Masculino,Cuenca,2594,13,146,1
879,,Femenino,Ambato,851,0,168,0
880,,Masculino,,1069,12,31,1
881,,,Cuenca,2694,11,70,1
882,,,Cuenca,4735,11,175,1
883,45,Femenino,Ambato,4473,16,151,1
884,25,,Quito,1666,15,8,0
885,,Femenino,Ambato,4343,12,119,0
886,,Masculino,Cuenca,4534,9,49,0
887,,,Ambato,4677,3,15,1
888,,Femenino,Guayaquil,4696,18,141,0
889,,,Quito,3288,11,89,1
890,54,Masculino,Cuenca,537,18,159,0
891,48,Femenino,Cuenca,4024,7,14,0
892,,,Ambato,4892,7,83,1
893,,Masculino,Quito,3401,3,107,0
894,40,,Cuenca,3026,3,141,1
895,58,Masculino,,713,15,111,1
896,,,Quito,3591,17,100,0
897,,,,3911,2,125,1
898,,Femenino,Quito,4911,19,178,1
899,35,Masculino,Cuenca,3804,6,150,0
900,,Femenino,Ambato,4031,14,151,0
901,,,Cuenca,4441,9,37,1
902,,Masculino,Quito,4138,7,68,1
903,41,,Quito,593,13,28,1
904,,Femenino,,3486,18,18,0
905,56,Masculino,Ambato,1560,18,47,1
906,38,Femenino,Ambato,2479,9,108,0
907,,,Guayaquil,2583,10,13,0
908,,Femenino,Ambato,1583,19,114,1
909,45,,Ambato,413,0,70,1
910,,Masculino,Ambato,4990,17,35,0
911,,Masculino,Quito,4694,9,114,0
912,,Masculino,Ambato,3797,19,102,0
913,,Femenino,,3684,14,57,0
914,37,Femenino,Cuenca,1228,7,55,0
915,,Femenino,Ambato,4197,13,101,0
916,,Masculino,Cuenca,1114,2,178,0
917,20,,Guayaquil,3351,13,10,0
918,,Masculino,Guayaquil,830,13,34,0
919,,,Guayaquil,2929,4,37,1
920,66,Femenino,Quito,3160,15,165,0
921,39,Masculino,,1512,18,77,0
922,,Masculino,Cuenca,4376,3,165,0
923,47,Masculino,Ambato,4340,2,103,0
924,,Masculino,Guayaquil,1803,9,7,0
925,19,Masculino,Quito,3129,5,137,0
926,,Masculino,Cuenca,3374,1,134,1
927,56,Femenino,Quito,717,17,11,1
928,,Femenino,Cuenca,499,3,14,0
929,47,Femenino,Guayaquil,3183,15,70,0
930,44,Masculino,Quito,458,1,130,1
931,29,Femenino,Ambato,2740,18,121,1
932,,,Guayaquil,3736,13,68,0
933,,Femenino,Cuenca,2420,11,153,0
934,67,,Quito,2949,10,85,1
935,,,Quito,1107,1,50,1
936,,Femenino,,1158,5,92,0
937,,Femenino,Ambato,,12,6,1
938,,,Guayaquil,2510,2,82,0
939,,,Quito,2918,19,38,0
940,56,,Guayaquil,4951,4,52,0
941,,,Quito,770,7,127,0
942,,Masculino,,4204,13,31,1
943,,Masculino,Cuenca,3044,3,0,0
944,,Masculino,Quito,1177,16,79,0
945,,,Cuenca,606,8,98,1
946,,,Guayaquil,2400,4,97,0
947,,Masculino,Guayaquil,2383,13,4,0
948,,Femenino,Cuenca,871,9,147,0
949,,Femenino,,588,7,44,0
950,,Femenino,,3855,4,52,0
951,,Masculino,Cuenca,3838,4,167,0
952,,,Guayaquil,4311,13,101,0
953,,Femenino,Quito,4903,15,105,0
954,,,Quito,2670,14,41,1
955,,Femenino,Guayaquil,4259,15,132,0
956,36,Masculino,Quito,478,12,87,1
957,,,Guayaquil,798,15,42,0
958,,Femenino,Cuenca,454,3,9,1
959,,Femenino,Guayaquil,4106,2,83,0
960,,,Quito,1968,7,12,1
961,,,Quito,2285,1,7,0
962,,,Ambato,4217,12,71,0
963,,,,4105,7,116,1
964,,Femenino,Quito,4729,3,21,1
965,45,Masculino,Cuenca,4302,16,151,0
966,,,Quito,740,15,172,0
967,,Masculino,,4840,8,46,1
968,,Masculino,Quito,3740,14,167,0
969,,Femenino,Quito,4908,8,177,0
970,,Femenino,,2231,12,102,1
971,,,Cuenca,4830,16,36,0
972,,Masculino,Ambato,1078,13,169,0
973,20,,Cuenca,1596,17,125,1
974,,Femenino,Cuenca,4827,1,10,1
975,,Masculino,Cuenca,3418,4,41,0
976,,Masculino,,3147,8,59,0
977,,Femenino,,1332,12,18,1
978,43,Femenino,Quito,2001,16,147,0
979,,Femenino,Quito,2196,15,77,1
980,,Femenino,Guayaquil,3415,8,115,0
981,,Femenino,Quito,2896,11,49,0
982,,Femenino,Quito,2271,10,10,0
983,,Masculino,Quito,2448,11,40,0
984,,Masculino,Guayaquil,3929,9,105,1
985,32,Masculino,Guayaquil,3817,18,100,1
986,,,Quito,4402,9,39,1
987,65,,,1444,18,61,1
988,68,Masculino,Ambato,4628,7,4,0
989,,Femenino,Guayaquil,1472,15,38,1
990,37,Masculino,Quito,1825,15,162,0
991,,,Guayaquil,3030,0,171,1
992,,,,1044,11,155,0
993,26,,Quito,526,3,6,0
994,50,,Quito,4355,18,78,0
995,,Femenino,Cuenca,3498,16,122,0
996,67,Masculino,Ambato,1223,3,26,0
997,,Femenino,Cuenca,3371,8,10,0
998,65,,,3517,10,104,1
999,,,Cuenca,4696,19,64,1
1000,,Masculino,Ambato,2493,8,171,0
1001,,Femenino,Ambato,943,0,18,0
1002,,Masculino,Ambato,1704,18,103,1
1003,,,Ambato,2320,3,109,0
1004,,Masculino,Cuenca,4080,15,34,1
1005,,,Quito,2636,19,16,0
1006,,Masculino,Guayaquil,4257,13,141,0
1007,,Masculino,Ambato,3914,0,107,0
1008,26,Masculino,Ambato,4334,10,44,0
1009,,,Ambato,2555,17,143,1
1010,,Masculino,Quito,2624,8,156,0
1011,37,Masculino,Ambato,3938,18,89,0
1012,,Femenino,Ambato,4594,6,79,0
1013,23,,Cuenca,1419,9,76,0
1014,,Femenino,Cuenca,4236,1,39,0
1015,,Masculino,,3677,11,34,0
1016,,,Guayaquil,2514,13,54,0
1017,,Masculino,Cuenca,3094,8,77,0
1018,,Masculino,Ambato,3472,12,102,0
1019,,,Cuenca,4225,6,150,1
1020,,Masculino,Cuenca,2975,17,151,0
1021,,Masculino,,2518,18,125,0
1022,,,Guayaquil,2094,12,146,1
1023,,Femenino,Ambato,3172,1,84,0
1024,22,Femenino,Cuenca,1814,17,134,1
1025,,,Ambato,2724,15,49,1
1026,33,Masculino,Guayaquil,1195,10,134,0
1027,,Femenino,Guayaquil,2169,1,78,0
1028,34,,Quito,913,11,35,0
1029,56,,Quito,1519,0,179,0
1030,,Femenino,,1398,6,130,1
1031,,,Cuenca,1951,1,75,1
1032,,Masculino,Ambato,3837,16,175,0
1033,42,Femenino,Cuenca,4693,15,110,1
1034,38,,Quito,4585,1,157,0
1035,,,Quito,1538,19,103,0
1036,,,Cuenca,1813,5,64,0
1037,51,Femenino,Quito,3847,3,53,0
1038,52,,,4602,18,89,1
1039,43,Masculino,Ambato,1465,12,134,1
1040,,Femenino,Quito,1437,9,151,0
1041,52,Femenino,Guayaquil,4035,6,71,1
1042,32,Masculino,Ambato,4030,9,116,1
1043,,Masculino,Ambato,2781,3,12,0
1044,,Femenino,Cuenca,4694,10,82,1
1045,,Masculino,Guayaquil,4830,0,84,1
1046,,,Quito,3271,9,154,1
1047,27,Femenino,Ambato,4747,8,9,0
1048,,Masculino,Ambato,4008,6,106,0
1049,,Femenino,,3192,18,70,0
1050,,Femenino,Ambato,4041,11,137,1
1051,,Masculino,Cuenca,2212,11,99,0
1052,,Femenino,Quito,3722,15,19,0
1053,20,Masculino,Ambato,1622,16,63,1
1054,48,,,2176,19,100,1
1055,,Femenino,Ambato,1304,16,83,1
1056,63,Masculino,Cuenca,2272,16,72,0
1057,,Femenino,Quito,3515,6,123,1
1058,,,,3850,17,72,1
1059,,Femenino,Guayaquil,3297,15,95,0
1060,47,Femenino,Cuenca,2137,19,7,1
1061,,Masculino,Quito,2780,16,111,0
1062,28,,Cuenca,1878,18,79,1
1063,,,,1852,18,116,0
1064,,Femenino,Guayaquil,4841,10,20,0
1065,,Masculino,Quito,802,7,144,0
1066,,Masculino,,1024,15,124,0
1067,48,Femenino,Cuenca,3130,18,107,0
1068,,Masculino,,4959,16,36,1
1069,,Femenino,,2856,17,24,1
1070,20,,,1823,15,42,1
1071,,Femenino,Quito,4521,5,97,0
1072,,Femenino,Guayaquil,862,11,39,1
1073,,Masculino,Cuenca,4724,12,130,0
1074,27,Femenino,Ambato,3301,0,98,1
1075,,,,1665,19,148,0
1076,,Masculino,Guayaquil,3601,13,117,0
1077,,,,916,5,71,1
1078,,,Quito,2013,16,129,1
1079,,,Ambato,1901,3,51,0
1080,,Masculino,Guayaquil,2980,1,161,0
1081,,,,3143,15,174,0
1082,,,,2808,4,89,0
1083,61,Femenino,Quito,3010,0,43,0
1084,55,Femenino,Quito,2635,7,119,0
1085,21,Femenino,Ambato,4531,4,23,1
1086,64,Masculino,Quito,2690,6,166,0
1087,25,Femenino,Guayaquil,1300,0,168,0
1088,,Masculino,Quito,3976,18,154,1
1089,25,,Quito,3987,19,93,1
1090,,Masculino,Cuenca,2040,8,63,0
1091,,Masculino,,3459,11,121,0
1092,,Femenino,Ambato,3036,13,173,0
1093,,Femenino,Ambato,1417,13,27,0
1094,34,,Guayaquil,3872,9,166,0
1095,,,,3377,3,18,0
1096,68,Femenino,Ambato,2021,6,28,0
1097,,Masculino,Ambato,2230,4,121,0
1098,,Masculino,,771,17,82,1
1099,,Masculino,Guayaquil,4797,17,73,1
1100,51,Femenino,Guayaquil,2950,0,54,1
1101,,Masculino,,3201,1,37,1
1102,,Masculino,Quito,461,9,172,1
1103,,Femenino,Cuenca,,4,4,1
1104,,Femenino,,1047,6,65,0
1105,,,Quito,1086,11,98,1
1106,34,,Ambato,2472,11,26,0
1107,,Femenino,Ambato,987,9,33,0
1108,,,Guayaquil,2885,2,79,0
1109,,Femenino,Quito,2688,12,47,0
1110,,Femenino,Quito,3565,11,109,0
1111,65,Masculino,Quito,1338,9,43,1
1112,,,Ambato,3159,3,126,0
1113,,Masculino,Guayaquil,,15,52,0
1114,69,,Guayaquil,3226,1,115,0
1115,,Masculino,,1849,9,130,0
1116,,,Ambato,1478,14,177,0
1117,,Femenino,Quito,,17,107,0
1118,44,Femenino,Guayaquil,1721,1,3,0
1119,,Femenino,Ambato,4441,2,73,0
1120,,,Ambato,3741,0,162,1
1121,,Femenino,Cuenca,4475,5,4,0
1122,29,,Quito,2443,15,22,0
1123,,,Quito,4464,6,150,1
1124,,Masculino,Guayaquil,934,4,156,1
1125,,Femenino,Cuenca,601,18,73,0
1126,,,Quito,4077,10,9,0
1127,42,Femenino,Guayaquil,535,5,116,0
1128,37,Femenino,Cuenca,2232,19,83,1
1129,,Femenino,Cuenca,4830,13,29,0
1130,,,Ambato,3052,6,176,0
1131,,Femenino,Guayaquil,2491,12,115,1
1132,,Masculino,Guayaquil,2308,16,18,0
1133,,Femenino,Guayaquil,450,16,169,0
1134,,Femenino,Guayaquil,4556,9,137,1
1135,,Femenino,Guayaquil,4327,0,106,0
1136,,Femenino,Ambato,4619,12,27,0
1137,,Femenino,,1483,12,99,0
1138,,Masculino,Ambato,3632,13,71,1
1139,20,Femenino,Guayaquil,1309,5,140,0
1140,,Masculino,Guayaquil,4349,3,80,1
1141,29,Masculino,Guayaquil,2848,14,160,1
1142,,Masculino,,4496,14,93,0
1143,21,,,2726,9,88,1
1144,,Femenino,Ambato,2623,19,122,1
1145,,,Ambato,2145,1,119,1
1146,,,Ambato,4708,15,108,1
1147,,Masculino,Cuenca,3289,17,39,0
1148,,Femenino,Guayaquil,1121,11,13,0
1149,,Masculino,Quito,4112,10,131,0
1150,,Masculino,,2215,0,106,1
1151,44,,Guayaquil,3197,12,113,1
1152,20,,Ambato,570,18,145,1
1153,38,,Cuenca,1267,6,112,0
1154,,,,2255,11,146,1
1155,45,Masculino,Cuenca,4132,12,106,1
1156,,Masculino,Ambato,1851,8,121,0
1157,,Masculino,Guayaquil,492,7,132,0
1158,,Femenino,Cuenca,4228,13,26,1
1159,61,Masculino,Cuenca,824,9,121,0
1160,,Masculino,Ambato,4952,12,172,1
1161,,Masculino,Cuenca,3523,12,104,0
1162,,Masculino,Cuenca,4809,10,142,0
1163,,,Quito,981,0,85,1
1164,,,,2033,18,7,1
1165,,,,4514,16,9,1
1166,43,,Quito,846,14,87,0
1167,20,Masculino,Guayaquil,3977,11,119,0
1168,,,,1183,9,35,0
1169,23,Masculino,Guayaquil,3270,14,50,0
1170,69,Masculino,Ambato,496,12,158,0
1171,50,,Guayaquil,4862,19,109,0
1172,,Masculino,Cuenca,1510,16,19,0
1173,57,,Ambato,4989,17,6,1
1174,,Masculino,Quito,3412,19,66,0
1175,61,,Guayaquil,2207,2,44,0
1176,,Femenino,Guayaquil,4560,19,39,0
1177,21,Masculino,Guayaquil,3034,14,2,0
1178,,Masculino,Quito,3792,6,98,1
1179,,,,3970,9,101,1
1180,,,Guayaquil,3129,19,85,0
1181,,Femenino,,1207,7,18,0
1182,45,,,2682,18,112,1
1183,,Masculino,Guayaquil,2873,11,134,0
1184,,Femenino,Ambato,3434,8,41,1
1185,,Femenino,Quito,1784,17,118,0
1186,,Femenino,Quito,2638,1,40,0
1187,27,Femenino,Cuenca,1699,7,68,0
1188,66,,,3133,17,47,0
1189,,Masculino,,1436,17,31,0
1190,45,Masculino,Quito,3970,5,109,1
1191,43,Femenino,Quito,3507,3,102,0
1192,,Masculino,Cuenca,948,0,76,0
1193,,Masculino,,3455,5,152,0
1194,,,Ambato,1979,0,29,0
1195,,,Quito,589,3,51,1
1196,,Femenino,Guayaquil,2065,4,176,0
1197,,Femenino,Quito,1810,8,123,1
1198,,Femenino,Ambato,2705,3,138,0
1199,,Femenino,,4063,5,170,1
1200,,Femenino,,3159,5,8,1
1201,,,,4938,9,165,0
1202,,Masculino,Quito,2260,16,100,0
1203,,Femenino,,1429,10,166,0
1204,24,,Cuenca,4656,4,3,0
1205,,Femenino,Guayaquil,3462,6,166,0
1206,,Femenino,,4054,18,66,0
1207,,Femenino,Cuenca,504,12,153,1
1208,,Femenino,Cuenca,2779,1,53,0
1209,,,Cuenca,1890,2,59,1
1210,,Masculino,Guayaquil,2813,17,53,0
1211,,Femenino,Guayaquil,1846,9,2,0
1212,,,,1982,0,128,1
1213,,,,4572,5,121,0
1214,,Masculino,,1013,9,71,0
1215,,,Guayaquil,4023,14,20,1
1216,67,Femenino,Cuenca,1132,5,172,0
1217,,Masculino,Cuenca,533,5,49,0
1218,25,Masculino,Ambato,2149,16,0,0
1219,,,Guayaquil,3089,19,39,1
1220,,Femenino,Guayaquil,3558,14,48,0
1221,41,Masculino,Cuenca,3541,14,126,1
1222,,Femenino,Guayaquil,4647,11,53,1
1223,41,,Cuenca,4904,7,101,0
1224,37,Masculino,,4887,12,43,1
1225,,Femenino,Ambato,3600,7,154,0
1226,,Masculino,Cuenca,1844,5,172,0
1227,,Masculino,Guayaquil,3236,9,99,1
1228,,Masculino,Cuenca,2948,10,113,0
1229,64,,Ambato,650,0,94,0
1230,22,Masculino,Cuenca,3652,7,168,0
1231,,,Quito,1399,12,102,1
1232,,Masculino,Ambato,3297,8,137,0
1233,,,Quito,1094,5,33,0
1234,,Masculino,Ambato,1017,8,71,0
1235,,Masculino,,3703,1,71,0
1236,,,Guayaquil,4837,0,25,1
1237,,Femenino,Cuenca,1684,16,30,1
1238,,,,4973,4,77,0
1239,37,Masculino,Cuenca,1106,11,73,0
1240,,Masculino,Quito,4172,9,156,0
1241,,Femenino,Quito,1044,0,22,0
1242,44,Masculino,Ambato,2644,3,114,0
1243,18,Femenino,Quito,1940,3,166,0
1244,,,,1196,8,26,0
1245,,Masculino,Quito,3335,17,75,0
1246,,Femenino,,1982,7,119,0
1247,,,,2390,1,37,0
1248,,,Cuenca,2712,9,72,0
1249,,Femenino,Guayaquil,4802,14,29,1
1250,,Femenino,Ambato,1732,5,76,0
1251,,Femenino,Guayaquil,3639,6,173,0
1252,,,Ambato,3346,3,91,0
1253,20,Masculino,Quito,4827,6,21,0
1254,,Femenino,,1941,4,135,1
1255,64,Femenino,,3185,6,9,0
1256,,Masculino,,2301,5,29,0
1257,54,Masculino,,3897,5,170,1
1258,,Masculino,Ambato,2341,12,37,1
1259,,,Guayaquil,3443,6,36,0
1260,,Masculino,,4811,3,61,0
1261,,,Ambato,3867,1,14,0
1262,,Femenino,Cuenca,1697,9,38,0
1263,29,,,4326,16,57,0
1264,,,Ambato,3176,4,179,0
1265,,Femenino,Guayaquil,1991,17,33,1
1266,,,Ambato,4945,16,8,0
1267,29,Masculino,Guayaquil,2070,16,135,0
1268,,Masculino,Quito,2303,13,117,0
1269,67,,Ambato,2546,8,1,0
1270,,Masculino,Ambato,4710,18,118,0
1271,,,Cuenca,3491,17,158,0
1272,34,,Guayaquil,3020,11,22,1
1273,19,Masculino,Cuenca,2167,0,79,0
1274,54,Femenino,Quito,1665,1,168,1
1275,,Masculino,Guayaquil,3230,0,68,0
1276,,,Quito,885,6,37,0
1277,,,,4971,8,93,0
1278,,,,3939,1,13,0
1279,,Femenino,Ambato,1131,8,21,0
1280,40,,Quito,438,16,179,1
1281,,Femenino,Cuenca,2262,8,149,0
1282,,Masculino,Cuenca,4979,13,137,1
1283,,Masculino,,3081,13,23,1
1284,,Femenino,Cuenca,1119,12,175,0
1285,,Femenino,Cuenca,3419,19,173,0
1286,,Masculino,,2907,10,135,1
1287,64,,Ambato,2739,12,179,0
1288,33,,Ambato,3292,15,142,0
1289,30,Femenino,Guayaquil,4320,3,163,1
1290,,Femenino,Quito,1048,12,140,1
1291,67,,Quito,1051,8,108,1
1292,47,,Guayaquil,4791,14,131,1
1293,56,,Quito,4589,6,69,0
1294,,,,1128,0,73,0
1295,,,,1083,0,176,0
1296,,,Cuenca,2536,17,69,0
1297,,Femenino,Cuenca,3367,0,143,0
1298,,,Guayaquil,4797,16,167,1
1299,31,Masculino,Quito,917,15,11,0
1300,,Femenino,Ambato,975,14,6,1
1301,57,Femenino,Cuenca,871,6,123,0
1302,,,Ambato,580,9,114,0
1303,48,Masculino,Quito,2237,9,151,0
1304,,Femenino,Quito,1107,17,106,0
1305,,Femenino,,652,3,54,1
1306,,Femenino,,4090,2,63,1
1307,,Femenino,Ambato,1083,16,112,0
1308,,,Quito,1901,15,164,0
1309,,,Ambato,2470,8,179,0
1310,,Masculino,Guayaquil,2110,13,14,1
1311,,,Ambato,1568,4,40,0
1312,23,Femenino,Ambato,4064,4,50,0
1313,,,Guayaquil,2605,4,123,0
1314,,,Ambato,3151,11,53,0
1315,,,Quito,4617,8,7,1
1316,58,Masculino,Guayaquil,3598,17,110,0
1317,19,Masculino,Cuenca,2607,6,118,1
1318,,Femenino,,3032,9,84,1
1319,,Masculino,Ambato,4468,17,137,0
1320,54,Femenino,Cuenca,3665,3,32,0
1321,61,Masculino,,2870,7,92,0
1322,59,Femenino,Ambato,3684,13,125,0
1323,,Femenino,Quito,4444,1,139,1
1324,,Masculino,,4266,10,169,1
1325,,Masculino,,928,1,32,1
1326,21,Femenino,Quito,1099,3,34,1
1327,47,Femenino,Ambato,534,17,107,1
1328,,,,543,0,142,1
1329,,Femenino,Guayaquil,1808,15,118,1
1330,67,Femenino,,2670,17,109,1
1331,,,Quito,993,9,131,0
1332,,,Ambato,3598,1,108,0
1333,,Femenino,Ambato,2183,3,16,0
1334,,,Ambato,1805,1,89,0
1335,,Masculino,Guayaquil,1280,3,13,0
1336,,Masculino,Cuenca,2249,2,83,0
1337,,,Guayaquil,3306,19,81,0
1338,,Femenino,Ambato,3871,5,2,0
1339,,,Cuenca,4095,5,151,0
1340,36,Masculino,Guayaquil,3650,9,67,0
1341,,,,3198,10,85,0
1342,,Masculino,Cuenca,3066,11,147,0
1343,35,Femenino,Ambato,479,6,51,1
1344,,Masculino,Cuenca,1472,5,99,1
1345,32,Femenino,Quito,1100,11,96,1
1346,64,Femenino,Guayaquil,2547,17,100,1
1347,58,,Ambato,694,2,84,0
1348,,Femenino,Cuenca,2982,7,11,0
1349,,,Cuenca,1771,13,64,0
1350,,,Cuenca,2909,5,54,1
1351,,,Guayaquil,889,12,105,0
1352,,,Cuenca,2141,0,52,1
1353,,,Quito,1913,17,18,1
1354,54,,Ambato,1263,4,112,0
1355,62,Femenino,Cuenca,4090,17,114,0
1356,,Femenino,Quito,925,3,132,1
1357,,Masculino,,4385,4,147,0
1358,,,,3328,3,69,0
1359,,,Ambato,542,7,179,1
1360,,Femenino,Cuenca,734,15,16,0
1361,,Masculino,Guayaquil,2097,9,59,0
1362,,,Guayaquil,4768,13,26,0
1363,36,Femenino,Cuenca,2662,5,48,0
1364,,Masculino,Guayaquil,4664,19,119,1
1365,,Femenino,Ambato,763,11,175,0
1366,,,Guayaquil,1986,1,22,0
1367,,,Quito,1482,3,21,1
1368,,Masculino,,1646,8,149,0
1369,24,,Ambato,2210,3,43,0
1370,,Masculino,Cuenca,1058,4,51,0
1371,,Masculino,Guayaquil,2509,0,92,0
1372,,Femenino,,3843,16,109,0
1373,20,Femenino,Cuenca,510,5,105,1
1374,28,,,4578,9,162,0
1375,38,,Cuenca,1071,6,31,0
1376,,Masculino,Cuenca,1351,4,101,1
1377,,,,2589,12,40,0
1378,41,,Ambato,4833,10,25,0
1379,,Femenino,Guayaquil,4373,19,135,1
1380,,,Guayaquil,4121,8,176,1
1381,53,,Cuenca,1683,13,14,1
1382,,,Quito,4266,5,125,0
1383,44,,Cuenca,2230,13,142,1
1384,24,,,4609,18,23,0
1385,18,Femenino,Ambato,2019,17,132,1
1386,,,Ambato,4901,18,142,1
1387,,,Cuenca,4617,11,58,1
1388,37,Femenino,Guayaquil,2125,0,67,1
1389,48,Femenino,,1563,13,171,0
1390,49,Femenino,Ambato,831,10,159,0
1391,,Masculino,Quito,3826,5,23,1
1392,,Masculino,Ambato,671,16,46,0
1393,60,,Guayaquil,1394,7,13,1
1394,48,Masculino,Guayaquil,479,14,144,0
1395,26,,,2102,15,29,1
1396,,Femenino,,3584,3,26,0
1397,,Masculino,Ambato,1518,11,48,0
1398,,Femenino,Guayaquil,909,5,3,0
1399,,,,2116,12,178,0
1400,,Femenino,Ambato,4681,10,106,0
1401,38,Femenino,Quito,439,0,129,1
1402,,Masculino,Cuenca,952,1,33,0
1403,,,Guayaquil,3231,7,157,1
1404,45,,Quito,1377,13,154,0
1405,,,Quito,3718,2,160,1
1406,,Masculino,Guayaquil,2909,18,137,0
1407,32,Masculino,,4709,12,178,0
1408,67,Masculino,Cuenca,2687,11,159,0
1409,,Femenino,,4282,7,174,0
1410,,Masculino,Guayaquil,4207,9,139,1
1411,52,,Ambato,2589,11,133,0
1412,,Masculino,,4640,0,27,0
1413,,,Ambato,4224,11,150,0
1414,,,Ambato,2446,2,18,1
1415,,Femenino,,2960,17,149,0
1416,20,,Ambato,2399,0,20,1
1417,,Femenino,Ambato,573,0,81,0
1418,,Masculino,Cuenca,4065,10,66,1
1419,,Femenino,Guayaquil,3979,9,130,1
1420,,Femenino,Ambato,489,7,75,1
1421,,Femenino,Quito,1714,4,13,0
1422,,Femenino,,949,13,63,0
1423,23,Masculino,Cuenca,1703,8,18,0
1424,53,Masculino,Guayaquil,4966,19,179,1
1425,,,Cuenca,3659,9,101,0
1426,,Femenino,Quito,995,11,160,1
1427,68,Masculino,Quito,526,14,154,0
1428,,,Ambato,1781,3,34,1
1429,20,,Guayaquil,4898,19,8,1
1430,63,Femenino,,,6,105,1
1431,,Masculino,Guayaquil,734,6,85,0
1432,,Femenino,Ambato,1514,14,108,1
1433,,,Guayaquil,3398,17,40,1
1434,55,Femenino,Guayaquil,1191,16,70,1
1435,,Femenino,Ambato,4048,18,42,0
1436,,Masculino,Cuenca,2532,6,83,1
1437,,,Guayaquil,2569,1,63,1
1438,,Masculino,Cuenca,2169,17,32,1
1439,58,Femenino,,2960,2,44,1
1440,,,,4251,3,105,0
1441,,Masculino,,2056,14,132,1
1442,,Femenino,Guayaquil,545,9,139,0
1443,,Masculino,,2736,14,27,1
1444,,,Quito,1738,11,17,0
1445,,Masculino,,4151,11,11,0
1446,,,Guayaquil,2242,13,157,0
1447,,Femenino,Guayaquil,3473,10,145,0
1448,39,Masculino,Cuenca,1226,7,47,0
1449,60,Femenino,Ambato,4680,11,177,0
1450,,Femenino,,2294,12,132,0
1451,,Masculino,Cuenca,4791,6,65,0
1452,,Femenino,Cuenca,884,6,164,0
1453,56,Femenino,Guayaquil,2921,11,40,0
1454,,Masculino,Cuenca,2866,1,166,0
1455,57,Masculino,Cuenca,2642,1,122,1
1456,,,Cuenca,4136,16,24,0
1457,,,,3989,2,33,0
1458,,,Guayaquil,3795,1,34,0
1459,39,Femenino,Cuenca,4879,8,25,0
1460,,Masculino,Guayaquil,3002,19,142,1
1461,31,,Guayaquil,1127,12,166,0
1462,,Femenino,Ambato,1444,3,86,0
1463,,,Guayaquil,3282,10,37,1
1464,62,,,1277,14,97,1
1465,,Masculino,,2317,7,131,0
1466,28,Masculino,,3531,4,39,0
1467,,Femenino,Ambato,784,6,127,0
1468,,,Ambato,3563,18,21,0
1469,,,Cuenca,3795,7,28,1
1470,,,Ambato,435,11,63,1
1471,,Masculino,,1644,4,83,1
1472,41,Masculino,Cuenca,1120,0,108,0
1473,,,Quito,3268,5,151,0
1474,,Femenino,,994,15,59,1
1475,,Femenino,Quito,1325,10,142,1
1476,38,Femenino,Cuenca,941,15,34,1
1477,,Femenino,Ambato,2756,7,120,0
1478,,,Cuenca,3393,7,30,1
1479,,Masculino,Guayaquil,4452,18,162,0
1480,,Femenino,Ambato,4796,7,152,1
1481,60,,Quito,3368,9,53,1
1482,,,Guayaquil,4405,9,52,0
1483,,,Quito,1094,13,143,0
1484,28,Masculino,,,4,170,1
1485,,Femenino,Ambato,784,18,97,1
1486,60,Masculino,Guayaquil,4805,1,103,1
1487,,,Guayaquil,4158,14,92,1
1488,,Masculino,Guayaquil,3202,3,96,1
1489,,Masculino,,3133,8,21,0
1490,,Masculino,Quito,3942,18,178,0
1491,67,Masculino,,1719,1,72,0
1492,34,Masculino,Quito,4149,9,37,0
1493,,Masculino,Ambato,4618,2,40,0
1494,22,,Ambato,921,10,41,1
1495,,Masculino,Guayaquil,4354,6,131,0
1496,,Masculino,Cuenca,4362,5,95,0
1497,,Masculino,Cuenca,4381,12,20,0
1498,32,Masculino,Quito,1367,15,84,1
1499,,Femenino,Guayaquil,2413,19,157,0
1500,,,Cuenca,783,2,77,0
1501,,Masculino,Ambato,3312,1,158,0
1502,28,Masculino,Quito,4581,17,90,0
1503,,Masculino,Quito,2653,18,165,1
1504,,Femenino,,935,16,129,1
1505,26,Femenino,Guayaquil,3969,3,141,1
1506,,Masculino,Quito,3832,19,137,1
1507,24,Femenino,Cuenca,4689,3,10,1
1508,,Masculino,Quito,2787,10,141,0
1509,49,,Cuenca,2148,7,64,1
1510,29,Femenino,Guayaquil,4616,14,132,0
1511,,Femenino,Quito,972,11,103,0
1512,,Masculino,Ambato,4861,15,98,1
1513,25,,Ambato,4532,0,169,1
1514,44,Masculino,Cuenca,1587,10,33,1
1515,,,Ambato,2304,10,78,0
1516,,Femenino,Ambato,2801,4,44,0
1517,68,Femenino,Guayaquil,4097,13,52,0
1518,,,,2896,14,124,1
1519,,Femenino,Guayaquil,3698,7,90,1
1520,40,Masculino,Cuenca,3022,5,101,1
1521,41,Femenino,Guayaquil,3680,3,55,0
1522,,Femenino,Guayaquil,4874,0,50,1
1523,58,Masculino,Quito,4672,17,108,0
1524,48,,Guayaquil,1156,17,105,0
1525,,Femenino,Guayaquil,1089,4,103,1
1526,20,Masculino,,4836,11,12,0
1527,,Masculino,,1031,5,164,0
1528,,,Quito,1024,0,147,1
1529,37,Masculino,Guayaquil,1128,14,179,0
1530,22,Masculino,Quito,1679,5,90,1
1531,,Femenino,,2098,6,140,0
1532,40,,Quito,1212,16,150,0
1533,,Masculino,,3978,9,101,0
1534,,Femenino,Ambato,4721,9,42,0
1535,23,,Quito,4746,6,179,0
1536,,Femenino,Guayaquil,2206,11,131,1
1537,,Masculino,Quito,3051,4,34,0
1538,35,,Ambato,2743,16,69,0
1539,58,Masculino,Cuenca,1360,11,84,0
1540,63,,Quito,778,16,139,1
1541,,Masculino,,1638,0,58,0
1542,,Femenino,Quito,813,19,102,1
1543,24,Masculino,,1588,18,81,0
1544,,,,4996,11,101,1
1545,18,Femenino,,465,10,166,0
1546,,,Quito,610,3,90,1
1547,,Masculino,,4283,13,156,0
1548,47,,Guayaquil,1631,1,126,1
1549,,Masculino,Cuenca,3919,5,73,1
1550,,Masculino,,1609,9,157,0
1551,68,,Cuenca,701,6,105,1
1552,22,Femenino,,2825,14,164,1
1553,,Femenino,Cuenca,2682,11,83,0
1554,60,Femenino,Cuenca,3749,4,127,0
1555,,Masculino,Quito,2582,10,86,0
1556,40,Femenino,Guayaquil,1656,3,121,1
1557,,Femenino,Cuenca,4507,11,26,1
1558,,,,3384,18,51,0
1559,,Femenino,Cuenca,4674,2,12,0
1560,,,Quito,561,16,0,1
1561,,Femenino,Cuenca,4865,2,32,0
1562,,Femenino,,3441,6,137,0
1563,,,Cuenca,1075,0,77,0
1564,,Femenino,Cuenca,1670,2,45,0
1565,,,Ambato,992,7,150,1
1566,52,,Cuenca,,15,87,0
1567,65,Femenino,Cuenca,3853,6,168,1
1568,,Femenino,Quito,3435,13,15,0
1569,,Femenino,,1648,19,64,0
1570,,Masculino,Cuenca,3930,6,1,0
1571,,,,1949,2,22,0
1572,,,Cuenca,1680,11,138,1
1573,65,,Ambato,2139,6,73,0
1574,,,Guayaquil,2175,0,47,0
1575,57,,Guayaquil,465,6,126,1
1576,51,Femenino,Ambato,4652,16,162,0
1577,,Femenino,Quito,1320,17,43,0
1578,33,Masculino,,1358,1,178,0
1579,,,Quito,1663,4,3,0
1580,,Masculino,,2657,0,102,0
1581,26,Masculino,Quito,2465,11,12,0
1582,46,Femenino,Quito,3954,10,67,1
1583,,Femenino,,715,3,73,1
1584,,Femenino,Ambato,4214,3,103,0
1585,24,Femenino,,3251,18,70,1
1586,,Femenino,,442,13,78,1
1587,53,Femenino,,3791,16,95,0
1588,40,Masculino,,2721,6,46,0
1589,,,Cuenca,3851,12,176,1
1590,,,Ambato,2020,12,35,0
1591,,Femenino,Cuenca,1382,8,1,0
1592,,Femenino,Guayaquil,2442,0,93,1
1593,,Masculino,,3942,17,7,1
1594,26,Femenino,Guayaquil,2639,15,12,0
1595,,Masculino,Ambato,906,13,62,0
1596,27,Femenino,Guayaquil,2328,11,79,0
1597,,,Quito,683,11,33,0
1598,,,Ambato,1274,3,69,1
1599,,Masculino,Cuenca,1684,5,108,0
1600,,Femenino,Guayaquil,3275,6,115,1
1601,44,Femenino,Ambato,3550,3,84,1
1602,,Masculino,Cuenca,1529,9,95,1
1603,60,Femenino,Guayaquil,1283,8,71,0
1604,50,,Quito,4035,13,53,0
1605,,,Cuenca,1550,8,33,0
1606,43,,Quito,3439,19,17,1
1607,,Masculino,,428,5,130,0
1608,,Femenino,Ambato,4595,1,62,0
1609,41,Femenino,Ambato,4214,3,178,0
1610,,,Ambato,3695,19,15,0
1611,69,Masculino,Ambato,4423,1,20,0
1612,,Masculino,Quito,3912,2,97,1
1613,,Masculino,,845,9,44,1
1614,46,,Quito,1141,19,43,1
1615,58,Masculino,Ambato,444,18,65,0
1616,64,,,4044,3,104,1
1617,,Femenino,Quito,429,17,11,0
1618,,Femenino,Ambato,962,13,174,0
1619,,Femenino,Quito,2421,16,2,0
1620,,Masculino,Guayaquil,,10,66,1
1621,28,,Ambato,4064,0,29,0
1622,18,,Cuenca,2547,7,111,0
1623,,,Guayaquil,2332,8,110,0
1624,,Masculino,Cuenca,2810,15,73,0
1625,,,Guayaquil,2182,17,69,0
1626,23,,,2474,1,60,0
1627,,Femenino,,3968,5,92,1
1628,32,,Guayaquil,523,12,97,1
1629,56,Femenino,Cuenca,2520,1,2,1
1630,69,,Guayaquil,2764,16,48,0
1631,64,Masculino,Cuenca,3819,6,8,0
1632,,Masculino,Ambato,2805,18,152,0
1633,57,Femenino,Quito,1440,13,30,1
1634,,,Ambato,1839,16,174,0
1635,,Masculino,Cuenca,1712,18,40,1
1636,,Masculino,,4619,5,164,0
1637,46,Masculino,Ambato,489,0,65,0
1638,41,Femenino,Ambato,4499,19,9,0
1639,,,,1858,15,49,0
1640,,,,1862,17,105,0
1641,,Femenino,Cuenca,2371,18,30,1
1642,,Masculino,,4858,7,23,0
1643,,Masculino,,778,19,135,1
1644,,Femenino,Ambato,1337,3,177,1
1645,39,Masculino,Quito,1915,3,15,1
1646,,Femenino,Quito,2504,12,163,0
1647,,Masculino,,4215,14,114,1
1648,45,Masculino,Cuenca,4687,0,73,1
1649,,Femenino,,4799,15,144,1
1650,,Femenino,Ambato,533,14,174,1
1651,60,Masculino,Quito,3206,15,32,0
1652,,Femenino,Guayaquil,4661,0,102,0
1653,35,Masculino,Guayaquil,1109,8,83,0
1654,,Masculino,Ambato,2195,1,64,0
1655,,,Ambato,2985,1,100,0
1656,,,Guayaquil,1555,6,92,0
1657,,,Cuenca,2901,9,168,1
1658,,Femenino,Quito,4105,9,27,1
1659,,,,1660,15,101,0
1660,,,Cuenca,4915,16,53,0
1661,47,Masculino,Cuenca,1953,14,171,1
1662,30,Femenino,Cuenca,4030,5,128,1
1663,29,Femenino,Guayaquil,2817,9,53,1
1664,23,Masculino,Ambato,1527,6,36,0
1665,24,,Quito,3404,1,45,0
1666,47,Femenino,Quito,738,13,147,0
1667,,Masculino,Guayaquil,1927,15,13,0
1668,,,Quito,3823,6,143,1
1669,66,Masculino,Guayaquil,4747,7,97,0
1670,29,,,864,18,142,0
1671,,Masculino,Ambato,3347,18,104,0
1672,,Femenino,Guayaquil,1131,13,85,0
1673,41,Femenino,Guayaquil,3974,4,75,1
1674,,,Cuenca,3126,11,59,1
1675,21,,Quito,4423,13,3,0
1676,,Masculino,Quito,3149,7,153,0
1677,,Femenino,Quito,440,10,38,0
1678,59,,,1985,17,53,0
1679,,Masculino,Quito,2789,17,173,1
1680,,,,3535,14,36,0
1681,55,Masculino,,3498,7,12,0
1682,,,Ambato,1031,0,122,0
1683,,,Guayaquil,1113,7,129,1
1684,,,Quito,1749,0,111,0
1685,53,,,3969,17,130,0
1686,,Masculino,,4152,18,104,1
1687,,,Cuenca,1357,18,162,1
1688,22,Femenino,Ambato,4525,4,121,0
1689,,,Cuenca,3479,17,59,0
1690,,,Cuenca,1903,13,14,0
1691,,Femenino,Cuenca,4535,9,52,0
1692,,,,2328,8,8,0
1693,40,Masculino,Cuenca,2012,16,65,0
1694,20,Masculino,Guayaquil,3946,15,22,0
1695,,,,3793,19,97,0
1696,,Masculino,Ambato,3877,19,146,0
1697,,,Quito,2283,4,162,1
1698,,Femenino,,3747,6,100,1
1699,,Masculino,Guayaquil,4781,1,88,0
1700,67,,Quito,803,7,145,0
1701,,Masculino,,1667,13,169,1
1702,37,,Guayaquil,4433,1,168,0
1703,52,Femenino,Ambato,4307,9,18,0
1704,,,Quito,2200,12,163,1
1705,,Masculino,,3383,16,63,1
1706,,Masculino,Ambato,2346,2,15,1
1707,,Femenino,,4111,2,109,1
1708,,Femenino,Guayaquil,1507,0,156,1
1709,,,,1389,1,108,1
1710,,,Guayaquil,3795,5,80,0
1711,,,Guayaquil,508,10,54,1
1712,,,Ambato,4379,11,14,0
1713,,Masculino,Cuenca,2810,15,172,1
1714,47,,,4487,11,139,1
1715,,Femenino,,3266,18,152,0
1716,31,Masculino,Cuenca,3665,3,42,1
1717,,Femenino,Cuenca,1283,13,18,0
1718,,Masculino,Quito,408,16,128,1
1719,,,,3558,16,103,0
1720,,Masculino,,,1,70,1
1721,,,,1629,4,158,1
1722,,Masculino,Ambato,1346,18,14,1
1723,65,Femenino,Quito,2094,6,151,1
1724,,,Ambato,3546,2,127,1
1725,,Femenino,Quito,4147,11,69,1
1726,,Masculino,,1208,4,44,0
1727,38,Femenino,Guayaquil,3343,4,34,0
1728,,Femenino,Guayaquil,1760,9,143,1
1729,56,,,3035,1,107,0
1730,,,Ambato,4043,8,25,1
1731,,Masculino,Ambato,4624,1,47,0
1732,25,Femenino,Cuenca,3742,8,76,0
1733,,Masculino,Guayaquil,3100,7,43,1
1734,,,Guayaquil,2084,13,75,0
1735,,,,4677,8,161,0
1736,,Femenino,Quito,548,6,90,1
1737,41,,Cuenca,1411,5,178,0
1738,39,Masculino,,2546,2,110,0
1739,,Femenino,Ambato,1411,4,126,0
1740,,Femenino,,2803,2,49,0
1741,,Femenino,Guayaquil,3830,3,88,0
1742,69,Femenino,Guayaquil,3179,4,1,1
1743,37,Femenino,Ambato,907,1,45,1
1744,55,Femenino,Ambato,1567,11,10,0
1745,,Femenino,Quito,4387,4,46,1
1746,18,Femenino,Cuenca,4467,6,0,0
1747,,Masculino,Guayaquil,4069,12,12,0
1748,21,,Guayaquil,4585,17,101,0
1749,,,Cuenca,2079,1,14,0
1750,47,,Guayaquil,,6,51,1
1751,34,,Guayaquil,3463,16,46,0
1752,,Femenino,Guayaquil,4694,16,13,0
1753,44,Masculino,Guayaquil,4338,11,21,0
1754,,Femenino,Ambato,4686,5,141,0
1755,,Masculino,,966,14,42,0
1756,,Masculino,Quito,3182,9,57,0
1757,,Masculino,Ambato,3199,0,42,0
1758,,Masculino,Quito,4812,13,37,0
1759,,,,3706,4,153,0
1760,,,Quito,3253,13,120,1
1761,,Masculino,,2172,6,10,1
1762,,Masculino,,2484,9,146,0
1763,,Femenino,Ambato,1784,18,66,0
1764,,Masculino,Quito,502,9,172,0
1765,35,Femenino,,4605,19,98,1
1766,,,Ambato,2715,0,175,0
1767,,Masculino,Cuenca,3060,10,66,1
1768,,,Quito,4624,17,84,0
1769,,,Ambato,2526,18,24,0
1770,,Masculino,Cuenca,1256,4,154,0
1771,,Masculino,Cuenca,3436,5,21,0
1772,,,Guayaquil,2825,18,75,1
1773,42,Masculino,Guayaquil,2566,10,25,0
1774,,Femenino,Quito,633,6,2,1
1775,45,Masculino,Ambato,2925,6,69,1
1776,,Masculino,Guayaquil,1389,6,112,1
1777,62,,Guayaquil,456,2,163,1
1778,29,,,658,0,137,0
1779,34,,Guayaquil,3794,16,112,0
1780,,Masculino,Cuenca,3031,4,3,0
1781,66,Femenino,,1210,15,156,0
1782,,,,,10,59,0
1783,,Masculino,Guayaquil,4918,0,46,0
1784,,Masculino,Quito,2932,18,17,0
1785,,Masculino,Quito,3379,6,159,1
1786,55,Masculino,Cuenca,1709,0,129,1
1787,,,,1635,19,148,0
1788,,Femenino,Guayaquil,2342,1,40,1
1789,31,,Cuenca,469,12,95,1
1790,,Femenino,Cuenca,3989,15,103,0
1791,21,Masculino,Guayaquil,3470,0,153,1
1792,54,,Guayaquil,1692,1,103,0
1793,59,,Ambato,3604,11,123,0
1794,,Femenino,Guayaquil,423,14,2,0
1795,35,,,1182,18,145,0
1796,28,Femenino,Guayaquil,2628,6,166,0
1797,,,Quito,1782,6,143,0
1798,,Masculino,,4813,11,107,0
1799,31,,Cuenca,695,16,101,0
1800,,Masculino,Guayaquil,4112,11,16,0
1801,,Femenino,Quito,3301,2,30,0
1802,,Masculino,Quito,535,7,8,1
1803,,Femenino,Ambato,2160,19,143,0
1804,,,Guayaquil,1084,2,135,0
1805,46,Masculino,Ambato,3093,0,82,0
1806,,,Cuenca,1775,19,89,0
1807,61,Femenino,Cuenca,3573,9,45,0
1808,26,Masculino,Quito,2262,8,47,1
1809,,Masculino,Quito,2036,5,170,1
1810,,Masculino,Guayaquil,3961,12,156,0
1811,,,Quito,3025,14,24,1
1812,,,Ambato,1037,13,144,1
1813,,,Cuenca,2259,15,167,0
1814,,Femenino,Quito,2246,5,19,1
1815,,Femenino,Quito,2966,1,27,0
1816,,Femenino,Ambato,2579,5,72,1
1817,66,Masculino,Quito,604,4,148,0
1818,,,,414,6,172,0
1819,,Femenino,Ambato,428,7,130,1
1820,,,Guayaquil,3674,16,20,0
1821,61,Masculino,Quito,980,2,42,0
1822,66,,Cuenca,2829,14,143,0
1823,,Femenino,Quito,1712,8,119,0
1824,,Masculino,Ambato,757,5,151,1
1825,19,Femenino,,1868,9,86,0
1826,,Femenino,Ambato,830,2,153,0
1827,,Femenino,,,0,123,0
1828,27,,Cuenca,2577,12,162,1
1829,,Masculino,Quito,3972,10,6,0
1830,,Femenino,Guayaquil,3376,7,14,1
1831,,Femenino,Quito,3455,7,131,0
1832,22,Masculino,Quito,1165,9,51,0
1833,,Femenino,Quito,835,19,43,0
1834,,Masculino,Quito,2651,11,86,0
1835,,Femenino,,4480,15,158,0
1836,,Femenino,Ambato,1252,8,171,0
1837,,Femenino,Quito,2133,19,109,0
1838,,,,1221,14,52,0
1839,,Masculino,Cuenca,768,9,137,0
1840,,,Ambato,4698,2,140,0
1841,42,,,4215,1,50,0
1842,,Masculino,Quito,1559,2,36,0
1843,,Masculino,Guayaquil,2728,13,65,1
1844,,Masculino,Guayaquil,1247,11,86,0
1845,54,Masculino,Guayaquil,914,14,48,0
1846,48,Femenino,,446,8,83,1
1847,23,,,1790,10,164,0
1848,,,Guayaquil,4025,2,24,0
1849,,Femenino,Cuenca,2581,9,83,0
1850,,,Cuenca,952,1,62,0
1851,32,,,2627,1,28,0
1852,,Masculino,Cuenca,3616,1,150,0
1853,,Femenino,Ambato,4548,5,126,0
1854,,Femenino,Quito,952,0,56,1
1855,,Femenino,,1738,13,160,1
1856,64,Femenino,Guayaquil,2109,4,150,0
1857,,Masculino,,3432,11,173,0
1858,35,,Cuenca,3846,8,2,1
1859,,Femenino,Guayaquil,2200,10,109,0
1860,,Masculino,Guayaquil,3602,4,114,0
1861,35,Masculino,,2973,11,177,1
1862,38,,Quito,2155,4,72,0
1863,,,Cuenca,1622,7,121,1
1864,,Femenino,,3619,11,177,0
1865,31,Femenino,Ambato,4976,15,76,0
1866,,,Quito,3526,4,8,1
1867,,Femenino,,4175,4,62,1
1868,,,Guayaquil,2297,9,52,0
1869,,,Ambato,2092,5,57,0
1870,54,,Ambato,2297,8,170,0
1871,,Femenino,Ambato,1346,7,158,1
1872,,Femenino,,3733,0,152,0
1873,,Femenino,,3404,10,168,0
1874,45,Masculino,Guayaquil,2414,1,141,0
1875,,,Guayaquil,3463,14,175,0
1876,,Masculino,Guayaquil,2893,3,116,1
1877,,,,488,7,155,1
1878,,,,3226,0,32,0
1879,69,Femenino,Quito,4092,5,91,0
1880,,Femenino,Guayaquil,1321,3,75,0
1881,,Masculino,Quito,1682,14,43,0
1882,,Masculino,,1543,10,123,0
1883,,,,1994,17,128,1
1884,,Femenino,Cuenca,2268,14,178,1
1885,,,Cuenca,1436,19,132,1
1886,,Masculino,,2112,6,22,0
1887,,Masculino,Quito,2793,9,71,0
1888,42,Femenino,Ambato,3849,2,162,0
1889,,Masculino,Ambato,2073,2,114,0
1890,41,Femenino,Quito,2638,2,62,1
1891,,Femenino,Cuenca,1662,13,72,0
1892,40,Masculino,Cuenca,2921,9,14,0
1893,,Masculino,Cuenca,4607,17,91,0
1894,,Femenino,,1829,9,29,1
1895,26,,Guayaquil,4643,10,75,0
1896,,Masculino,Ambato,4495,7,30,0
1897,,,Guayaquil,2384,16,101,1
1898,,,Guayaquil,2770,6,38,0
1899,,,Cuenca,1616,7,2,0
1900,,Femenino,,1095,12,73,1
1901,29,Femenino,Quito,2319,7,124,1
1902,46,Femenino,Ambato,3896,18,145,0
1903,27,Masculino,Quito,3717,7,6,0
1904,,Masculino,Cuenca,4025,19,46,0
1905,23,Femenino,Guayaquil,3079,9,54,0
1906,,Femenino,Ambato,2135,10,103,0
1907,28,,Guayaquil,4348,16,167,0
1908,,,Ambato,1184,17,125,0
1909,,Femenino,Ambato,4536,8,50,0
1910,,Femenino,Guayaquil,4434,5,174,0
1911,,Femenino,Quito,2463,4,84,0
1912,32,,,1282,9,135,0
1913,,Femenino,Cuenca,4972,10,137,0
1914,,Femenino,Quito,572,0,38,0
1915,,Femenino,,2031,15,28,1
1916,,,Quito,2745,1,97,0
1917,,Femenino,Guayaquil,2184,1,110,0
1918,31,Masculino,Cuenca,2885,1,42,0
1919,,Masculino,Ambato,1643,4,38,0
1920,,,Cuenca,1181,15,85,0
1921,,,Guayaquil,1680,10,62,1
1922,,,Quito,4202,10,38,0
1923,40,,Ambato,460,9,159,1
1924,,Masculino,Quito,921,18,103,0
1925,18,,Cuenca,542,5,113,1
1926,,Femenino,,3418,1,2,0
1927,69,,Cuenca,2734,9,46,1
1928,64,Masculino,Ambato,2750,2,129,1
1929,,,Cuenca,2593,3,6,0
1930,,,Cuenca,3933,4,3,0
1931,35,Masculino,Guayaquil,3909,7,76,0
1932,65,Femenino,,1446,16,126,0
1933,,Masculino,Ambato,823,11,105,1
1934,,Masculino,Cuenca,612,9,134,1
1935,,Masculino,Guayaquil,4390,6,158,0
1936,38,Masculino,,3296,6,70,0
1937,44,Femenino,Quito,1117,13,31,0
1938,,Masculino,Ambato,3948,8,90,1
1939,,,,668,11,123,1
1940,,Masculino,Ambato,2281,0,40,1
1941,,Femenino,,3756,14,77,0
1942,37,,Cuenca,2824,16,76,0
1943,,Masculino,Ambato,959,12,11,0
1944,,Masculino,Quito,4503,14,11,1
1945,,Femenino,Quito,3648,14,94,0
1946,50,Femenino,Guayaquil,1680,6,93,0
1947,,Femenino,Quito,2974,19,52,1
1948,35,Femenino,Quito,461,12,35,1
1949,,Masculino,Quito,2941,6,90,0
1950,,,Quito,4855,6,90,1
1951,,,Ambato,681,8,135,0
1952,54,Femenino,Quito,894,12,154,0
1953,39,Femenino,Quito,2417,3,82,0
1954,,Femenino,Guayaquil,3050,12,30,0
1955,,,Cuenca,3410,18,98,1
1956,,,Ambato,1789,6,36,0
1957,49,Masculino,,1246,17,177,0
1958,,Femenino,Cuenca,4584,3,168,1
1959,,Femenino,Quito,888,6,18,0
1960,44,Masculino,Cuenca,4685,0,43,0
1961,30,,,927,15,58,1
1962,,Masculino,Guayaquil,3741,6,169,1
1963,68,Femenino,,754,19,79,1
1964,,,,4366,19,157,0
1965,,Masculino,Quito,3570,0,175,1
1966,28,,,1428,8,70,1
1967,25,Femenino,Guayaquil,3547,15,112,1
1968,44,Femenino,Guayaquil,1763,19,125,0
1969,63,Femenino,,962,6,2,1
1970,,,Ambato,4867,15,96,0
1971,,Femenino,Quito,3378,11,81,0
1972,63,Masculino,Quito,523,2,94,0
1973,23,Masculino,Guayaquil,529,7,96,0
1974,,,Ambato,4306,14,5,0
1975,,,Quito,2882,12,138,0
1976,,,Cuenca,2544,5,178,1
1977,20,Femenino,,2114,13,133,1
1978,38,Femenino,Ambato,436,11,152,1
1979,,Masculino,Cuenca,1489,9,161,0
1980,,,,1879,5,174,0
1981,,Femenino,Ambato,624,7,144,0
1982,,Femenino,Quito,2343,3,150,1
1983,57,Femenino,Quito,2754,9,79,0
1984,,Masculino,Guayaquil,550,15,28,0
1985,,Femenino,Ambato,3316,6,8,1
1986,,Masculino,,1478,12,128,1
1987,,,,3620,17,114,1
1988,,Femenino,Ambato,1146,3,157,1
1989,58,Femenino,Guayaquil,1020,10,137,1
1990,38,Masculino,Quito,2009,11,20,1
1991,,Masculino,Cuenca,1476,12,97,1
1992,36,Masculino,,2126,16,157,1
1993,,Femenino,Cuenca,4095,4,36,1
1994,,Femenino,Guayaquil,4476,2,80,0
1995,,,Guayaquil,1519,13,90,1
1996,22,Femenino,Guayaquil,2756,1,28,0
1997,,Masculino,Quito,2474,11,97,1
1998,,,Guayaquil,1653,6,100,0
1999,62,Masculino,Quito,995,8,124,1
2000,,Femenino,Ambato,3570,6,14,0
2001,18,Masculino,Quito,4678,0,72,1
2002,18,Masculino,Ambato,1161,9,81,1
2003,,Masculino,,604,14,134,1
2004,,,,1170,3,147,0
2005,,,Ambato,3083,10,6,0
2006,43,Masculino,Quito,2502,13,142,1
2007,,Masculino,Cuenca,2064,17,97,0
2008,,Masculino,Ambato,3822,12,145,0
2009,,,Ambato,1545,7,27,0
2010,,Femenino,Guayaquil,4084,19,135,0
2011,,Femenino,Quito,2515,17,134,0
2012,,Masculino,,2113,19,125,0
2013,,Femenino,Quito,2123,1,58,0
2014,34,Masculino,Cuenca,3347,10,38,0
2015,,Femenino,Cuenca,2658,4,100,0
2016,,Femenino,Ambato,4627,0,128,0
2017,,Femenino,Quito,743,7,94,0
2018,,,Cuenca,3506,12,71,0
2019,,Femenino,Cuenca,4483,8,153,0
2020,,Masculino,Quito,4293,6,16,1
2021,30,Femenino,,1232,8,133,0
2022,,Femenino,Quito,2505,2,3,0
2023,58,Masculino,Quito,4787,8,53,0
2024,,Femenino,Cuenca,,14,104,0
2025,,,Cuenca,1025,16,62,0
2026,,Femenino,Guayaquil,2783,10,112,0
2027,49,,Quito,2844,17,65,1
2028,,Femenino,,2999,1,151,0
2029,,Masculino,,2456,14,120,0
2030,,,Cuenca,2550,19,163,1
2031,,,Cuenca,3787,8,146,1
2032,68,,,3486,11,160,0
2033,,,Guayaquil,1696,8,2,0
2034,64,,Ambato,1102,12,80,1
2035,,Femenino,Quito,3415,15,54,0
2036,,Femenino,,4435,15,3,0
2037,,,Ambato,3942,13,84,0
2038,56,Masculino,Guayaquil,2746,13,58,1
2039,,Femenino,Guayaquil,1102,3,175,1
2040,,,Ambato,1982,10,138,1
2041,42,,Ambato,4389,17,143,0
2042,65,Femenino,Ambato,4529,15,39,0
2043,,Masculino,Cuenca,3272,18,96,0
2044,32,Masculino,Quito,4576,13,113,0
2045,21,Femenino,Guayaquil,2495,18,8,0
2046,,Masculino,Ambato,2138,15,47,1
2047,,Femenino,Cuenca,3225,12,152,0
2048,,Masculino,,1589,6,125,1
2049,,Femenino,Guayaquil,3299,17,47,0
2050,52,Femenino,Cuenca,4465,13,161,0
2051,30,Femenino,Cuenca,458,3,53,0
2052,,,Ambato,1898,4,39,0
2053,42,Masculino,Cuenca,1101,9,164,1
2054,23,Femenino,Quito,1727,16,95,0
2055,,Masculino,Quito,2861,4,55,0
2056,,Masculino,,4260,15,112,0
2057,,,Ambato,4343,16,110,1
2058,,,Guayaquil,844,2,19,0
2059,,Femenino,Ambato,3395,7,79,1
2060,,Femenino,Cuenca,688,13,34,0
2061,,,Ambato,2436,1,107,0
2062,,,,3995,17,57,0
2063,,Femenino,Quito,3215,7,175,0
2064,32,,,2898,16,42,0
2065,62,Masculino,Cuenca,687,9,175,1
2066,,Masculino,,3944,8,124,0
2067,,,Guayaquil,3880,7,51,1
2068,21,Masculino,,731,14,105,0
2069,48,,Guayaquil,4170,14,33,0
2070,,Masculino,,3323,6,76,1
2071,,Femenino,Cuenca,1147,1,169,1
2072,46,Masculino,Quito,3156,7,97,0
2073,,,Guayaquil,1986,15,11,0
2074,,Femenino,Ambato,3415,18,174,1
2075,41,,Ambato,3447,2,171,0
2076,,Femenino,Guayaquil,699,14,81,1
2077,,Femenino,Ambato,3266,19,48,0
2078,,,Ambato,798,19,64,1
2079,,Femenino,,1497,2,144,0
2080,,Masculino,,544,18,88,1
2081,,Masculino,Quito,4068,2,51,1
2082,18,Masculino,Guayaquil,1289,12,10,1
2083,,Femenino,,1482,14,57,1
2084,46,Masculino,Quito,4465,13,146,0
2085,,,Guayaquil,2634,0,108,1
2086,60,,Guayaquil,4401,4,112,0
2087,39,,Guayaquil,913,16,105,1
2088,,,Quito,4536,10,28,0
2089,42,,Cuenca,3808,12,91,0
2090,,Masculino,Cuenca,3785,0,111,1
2091,67,,Ambato,982,16,119,0
2092,,,Guayaquil,1956,0,116,0
2093,,,Ambato,4445,19,79,1
2094,,,Ambato,2565,8,60,1
2095,28,Femenino,Cuenca,1026,4,173,1
2096,,Masculino,Ambato,4636,19,127,1
2097,29,Femenino,Ambato,2196,5,75,0
2098,41,Masculino,,1415,3,125,1
2099,39,Masculino,Guayaquil,3982,8,6,0
2100,,Femenino,Quito,3677,1,35,1
2101,,Femenino,Quito,4367,14,139,1
2102,,Femenino,,497,3,169,0
2103,,Masculino,Quito,4399,7,58,0
2104,,,Ambato,3622,14,88,0
2105,,Masculino,Ambato,922,10,168,0
2106,48,,Cuenca,484,11,155,1
2107,,,Ambato,582,12,174,0
2108,,,Cuenca,3803,19,109,0
2109,,Masculino,Ambato,4155,4,108,0
2110,,,Ambato,3978,12,179,1
2111,,Masculino,Ambato,810,1,68,0
2112,28,Femenino,Cuenca,2494,9,55,0
2113,,Masculino,Ambato,2936,18,118,1
2114,40,Masculino,Cuenca,2672,10,100,0
2115,,,,951,17,57,0
2116,,Femenino,,3069,18,167,0
2117,,Femenino,Cuenca,4820,4,126,0
2118,32,,Guayaquil,816,4,74,1
2119,,Femenino,Ambato,666,11,76,1
2120,,,Ambato,4362,13,15,0
2121,,,Cuenca,3409,13,164,0
2122,,Masculino,Quito,854,15,73,0
2123,,,Cuenca,485,12,18,0
2124,66,Masculino,Guayaquil,3362,12,134,1
2125,,,,3347,14,173,1
2126,,,,2067,17,4,1
2127,,,,4949,4,19,0
2128,68,,,3929,19,27,1
2129,,,Cuenca,625,10,70,0
2130,,,Guayaquil,859,15,6,1
2131,,Femenino,,4466,18,58,1
2132,,,Quito,3323,10,153,0
2133,,,,4873,9,67,1
2134,40,,Cuenca,4723,9,168,0
2135,64,Masculino,Cuenca,1160,0,20,0
2136,68,,Ambato,3246,18,107,0
2137,,Femenino,,3521,17,162,0
2138,,,Cuenca,1351,2,104,0
2139,,,Quito,2110,16,142,1
2140,,Masculino,Ambato,716,15,49,1
2141,,Femenino,Quito,3057,2,25,0
2142,,Femenino,Ambato,3124,18,143,0
2143,,Masculino,Ambato,488,19,93,1
2144,,Femenino,Guayaquil,3232,18,76,1
2145,,Femenino,Quito,550,16,17,0
2146,,,Cuenca,1173,9,136,1
2147,19,,Guayaquil,2588,14,31,0
2148,,Masculino,Quito,3164,5,153,1
2149,,Masculino,Guayaquil,736,9,129,0
2150,67,Femenino,Quito,1256,19,54,1
2151,,Femenino,,1197,5,121,1
2152,55,Femenino,Quito,4790,18,11,0
2153,,Femenino,Guayaquil,1806,1,67,0
2154,,Masculino,Quito,2101,1,155,1
2155,26,Femenino,,1794,15,101,0
2156,,Femenino,Ambato,4319,17,133,0
2157,44,Masculino,Ambato,3863,16,148,0
2158,,,,517,9,20,1
2159,,Masculino,Cuenca,819,16,0,1
2160,,Femenino,,2076,3,79,0
2161,56,,Cuenca,4093,17,73,0
2162,,,,3748,5,81,0
2163,,Masculino,Guayaquil,1458,15,170,0
2164,68,Masculino,,4719,16,3,1
2165,24,,Quito,3119,19,44,1
2166,31,Masculino,Cuenca,3332,8,85,0
2167,,,Guayaquil,4416,17,107,0
2168,,,Ambato,2448,14,45,1
2169,,Femenino,Guayaquil,2704,8,42,1
2170,47,Femenino,Guayaquil,2902,16,117,1
2171,,Femenino,Cuenca,1820,12,122,0
2172,,Masculino,Quito,1291,12,179,1
2173,49,Masculino,Guayaquil,407,15,32,1
2174,29,Femenino,,4612,14,164,0
2175,,,,4530,17,76,1
2176,,Femenino,Ambato,2261,15,168,0
2177,,,Cuenca,4442,13,138,0
2178,,,,1899,9,52,0
2179,58,,Cuenca,4099,2,63,0
2180,,Masculino,Guayaquil,4153,19,19,0
2181,,,Quito,769,17,86,0
2182,59,,,1647,19,167,1
2183,,Masculino,Quito,3722,15,34,0
2184,,,Cuenca,698,2,177,0
2185,,Masculino,Quito,1594,1,136,1
2186,,Femenino,Quito,2977,15,165,0
2187,61,Femenino,Guayaquil,4238,2,115,0
2188,19,,Ambato,497,13,133,0
2189,39,Masculino,Quito,557,13,115,1
2190,,,Cuenca,2381,19,56,1
2191,,,Quito,1759,15,0,0
2192,,,Ambato,3172,15,37,0
2193,,,,2688,14,88,0
2194,31,,Guayaquil,2512,12,106,1
2195,33,Masculino,,3420,17,165,0
2196,,,Guayaquil,2403,19,144,0
2197,,,Guayaquil,2727,0,30,0
2198,56,Masculino,Guayaquil,1419,1,83,0
2199,55,Masculino,Cuenca,2786,18,23,1
2200,,Femenino,Ambato,1922,10,31,0
2201,,Masculino,Quito,930,19,144,1
2202,48,Masculino,Ambato,1528,16,34,0
2203,,Femenino,,955,18,86,0
2204,,Femenino,Quito,3280,16,71,0
2205,50,Masculino,Cuenca,938,2,65,0
2206,,Femenino,Quito,1957,14,101,0
2207,,Femenino,,3438,18,131,0
2208,,Masculino,Cuenca,551,2,126,0
2209,,Masculino,Quito,909,16,98,0
2210,,Masculino,,4420,3,55,0
2211,,Masculino,Ambato,4131,14,163,1
2212,52,,,1296,1,10,0
2213,,Masculino,Quito,1654,10,99,1
2214,29,,Ambato,1171,7,173,0
2215,,Femenino,Ambato,946,3,30,0
2216,,,Cuenca,925,19,51,0
2217,59,,Quito,4183,11,121,0
2218,,,,697,7,26,0
2219,,,Quito,926,8,20,0
2220,,,,510,17,57,1
2221,,Masculino,Ambato,4728,1,2,1
2222,,Masculino,Quito,2144,10,33,0
2223,,Femenino,Ambato,4096,4,25,0
2224,,Femenino,Guayaquil,3344,15,143,0
2225,,Masculino,Quito,1028,1,159,1
2226,,,Cuenca,926,11,157,0
2227,,Femenino,Guayaquil,1058,12,135,0
2228,,,,2648,6,116,0
2229,,,Guayaquil,2590,0,142,1
2230,,Femenino,Ambato,1971,0,99,1
2231,66,Femenino,Quito,1807,6,149,0
2232,,Femenino,Cuenca,2072,4,114,0
2233,52,,,859,9,60,0
2234,,,Guayaquil,2110,8,88,0
2235,,Masculino,Ambato,3496,5,170,0
2236,,Femenino,Cuenca,3769,12,2,0
2237,68,Masculino,Ambato,4184,18,137,1
2238,,,,2374,14,29,0
2239,,Masculino,Cuenca,894,12,179,1
2240,,,Ambato,3897,0,149,0
2241,,Masculino,Ambato,4409,12,106,1
2242,,Masculino,Ambato,2640,3,128,1
2243,,Femenino,,2483,17,124,0
2244,,Masculino,Ambato,3275,10,65,1
2245,29,Masculino,Cuenca,1647,18,23,0
2246,,Femenino,,1136,14,106,0
2247,19,Femenino,Cuenca,3474,14,45,1
2248,57,,Cuenca,4076,15,35,1
2249,22,Masculino,Guayaquil,3302,17,74,0
2250,,Femenino,Ambato,944,2,27,1
2251,29,Masculino,Cuenca,1774,1,41,1
2252,,,Guayaquil,1867,5,111,0
2253,47,Masculino,Quito,2330,0,26,0
2254,37,Masculino,Quito,4800,6,55,0
2255,,,Quito,648,1,144,0
2256,,,Guayaquil,2114,13,179,1
2257,,Masculino,Ambato,1026,2,97,0
2258,,,,1428,11,118,1
2259,,,Cuenca,3835,7,19,1
2260,,,Quito,3644,13,96,0
2261,54,,Cuenca,1970,13,135,1
2262,,,Ambato,1764,17,65,1
2263,,,,3418,7,147,1
2264,,Femenino,Ambato,414,6,54,0
2265,32,,Guayaquil,2536,6,13,0
2266,36,Femenino,Cuenca,4471,3,68,0
2267,40,,Ambato,3305,10,72,0
2268,,Femenino,,4767,3,131,0
2269,41,Masculino,Ambato,1177,18,91,0
2270,44,,,2201,4,1,0
2271,40,Femenino,Guayaquil,4526,9,122,1
2272,,Masculino,Cuenca,1526,3,135,0
2273,,,Ambato,4457,10,28,1
2274,,Masculino,,1745,8,130,0
2275,41,Masculino,Cuenca,4067,16,174,1
2276,,,Ambato,4807,17,59,0
2277,27,Masculino,,3452,6,44,1
2278,,Masculino,Quito,3890,17,82,0
2279,50,,Cuenca,1370,8,24,1
2280,,Masculino,Cuenca,1675,17,114,0
2281,,,Ambato,4989,17,51,1
2282,,,Cuenca,1440,16,102,1
2283,45,Masculino,,3209,14,35,0
2284,34,,Ambato,4438,17,127,0
2285,,Masculino,Guayaquil,1944,14,42,1
2286,,,Guayaquil,2829,8,79,0
2287,33,,Guayaquil,2709,0,114,1
2288,,Femenino,Quito,2473,18,50,1
2289,47,,,4932,12,166,0
2290,49,Masculino,,4521,0,43,0
2291,,,,3415,3,103,1
2292,,,Cuenca,4030,0,6,0
2293,27,Femenino,Quito,3444,17,20,0
2294,,Femenino,Ambato,1129,10,99,0
2295,,,,3007,3,18,0
2296,45,Femenino,Ambato,3402,1,90,1
2297,,Femenino,Cuenca,3883,17,111,0
2298,,,Quito,2137,1,3,0
2299,,Masculino,,1095,2,77,0
2300,,Femenino,Quito,4425,14,18,0
2301,,Femenino,Quito,697,17,133,0
2302,,Femenino,Guayaquil,3161,0,119,0
2303,,,Quito,2524,18,110,0
2304,35,Femenino,Ambato,4007,19,13,1
2305,54,Masculino,Cuenca,4990,12,75,0
2306,,Femenino,Ambato,1160,14,109,0
2307,,Femenino,Cuenca,1372,0,112,0
2308,,,,985,14,64,1
2309,,Masculino,Ambato,2980,5,92,0
2310,66,Femenino,Guayaquil,2949,19,105,0
2311,,Femenino,Cuenca,4726,12,67,0
2312,,,Quito,4779,9,150,0
2313,28,Masculino,Ambato,1345,6,2,0
2314,46,,,4869,4,68,0
2315,,,Cuenca,2456,12,141,0
2316,,Femenino,Guayaquil,4321,7,170,1
2317,,Masculino,Guayaquil,1287,12,115,0
2318,,,,1924,8,89,0
2319,,,Guayaquil,4861,19,39,0
2320,,Masculino,Ambato,2953,16,156,1
2321,,,,2137,0,37,1
2322,38,Masculino,Ambato,3143,18,135,0
2323,,Masculino,,3838,0,86,0
2324,,,Quito,3201,2,123,0
2325,,,Ambato,3633,9,130,0
2326,,,Guayaquil,1753,18,136,0
2327,,,Guayaquil,564,6,125,1
2328,23,Femenino,Quito,2611,5,4,0
2329,,Masculino,Ambato,3567,15,75,1
2330,36,,Ambato,1072,15,45,1
2331,,,Ambato,3113,17,2,0
2332,,Femenino,Cuenca,2631,12,47,0
2333,,Femenino,Cuenca,3107,15,170,0
2334,,,Ambato,3606,6,51,0
2335,,Femenino,Cuenca,1403,8,77,0
2336,35,Femenino,Cuenca,1872,9,55,0
2337,26,Masculino,,3103,2,0,1
2338,34,Femenino,Cuenca,4321,18,147,0
2339,,,Guayaquil,1877,9,90,1
2340,,Masculino,Ambato,1746,7,88,0
2341,,,,4296,17,19,0
2342,,Masculino,,2725,15,175,1
2343,,,Ambato,4285,10,68,0
2344,,,,2926,18,59,1
2345,,Femenino,Quito,2041,10,81,0
2346,,Masculino,Quito,4466,3,63,0
2347,,Femenino,,2070,11,153,0
2348,,,Quito,3403,4,137,1
2349,59,,,1868,12,15,0
2350,,,Cuenca,1068,10,43,0
2351,,,Guayaquil,4958,7,44,1
2352,22,Femenino,Quito,2798,1,66,1
2353,,Femenino,Ambato,798,1,178,1
2354,,,Cuenca,2338,2,122,0
2355,,Masculino,Quito,707,0,109,0
2356,,Masculino,Guayaquil,2563,8,41,1
2357,41,,Guayaquil,3815,15,53,1
2358,,Masculino,Ambato,3072,15,83,1
2359,,Masculino,Ambato,4380,17,91,0
2360,,Femenino,Quito,2151,2,99,1
2361,57,Femenino,,2199,10,82,0
2362,41,Femenino,Cuenca,4277,0,108,0
2363,,,,727,7,135,0
2364,,,Quito,1782,9,112,0
2365,31,,Quito,740,1,87,1
2366,49,,,732,18,142,0
2367,,,Quito,1765,3,6,0
2368,,,Ambato,4950,4,88,1
2369,,,Quito,668,16,99,0
2370,19,Femenino,Guayaquil,4640,6,86,0
2371,,Femenino,Guayaquil,2262,9,160,0
2372,,Femenino,Ambato,2872,4,50,0
2373,,Femenino,Guayaquil,2791,14,146,0
2374,32,,,4100,4,56,1
2375,65,Masculino,Cuenca,3440,2,106,1
2376,,,Ambato,2224,19,124,0
2377,,Masculino,Cuenca,2877,2,28,1
2378,,,Ambato,1947,8,71,1
2379,,,Ambato,4258,3,15,1
2380,,Femenino,Guayaquil,617,6,86,1
2381,47,Masculino,Cuenca,3131,5,75,1
2382,,,Guayaquil,4911,17,15,1
2383,,Masculino,Cuenca,2601,2,169,1
2384,,,Ambato,1536,16,177,0
2385,,Femenino,Ambato,1629,9,62,0
2386,,Masculino,,959,19,102,0
2387,31,Femenino,Cuenca,2651,12,38,1
2388,,Masculino,Guayaquil,951,4,175,1
2389,31,,Quito,,0,68,0
2390,,Femenino,,2426,18,167,1
2391,,Femenino,Ambato,1491,19,129,0
2392,61,Femenino,Cuenca,4889,10,157,0
2393,34,Masculino,,2434,13,172,0
2394,52,,Cuenca,1685,11,16,0
2395,,Masculino,Quito,1136,6,81,1
2396,,,Quito,2100,0,12,0
2397,,Femenino,Cuenca,2506,12,174,0
2398,,Femenino,Guayaquil,3685,3,76,1
2399,34,Femenino,Guayaquil,2312,11,138,1
2400,,,Cuenca,1389,6,76,1
2401,,Masculino,Quito,778,12,73,1
2402,,,,1634,16,87,1
2403,,Masculino,Ambato,471,10,36,0
2404,47,Masculino,Cuenca,4212,18,77,1
2405,35,Femenino,,2132,8,67,0
2406,,Masculino,Cuenca,4103,19,63,0
2407,,Femenino,Ambato,1464,10,82,0
2408,,Femenino,Ambato,1556,13,35,0
2409,25,Femenino,Cuenca,2531,3,49,0
2410,,Femenino,Quito,2370,6,106,1
2411,,,Quito,2092,9,139,0
2412,50,,Guayaquil,1004,19,65,0
2413,,,Cuenca,1746,3,119,0
2414,,Femenino,Guayaquil,1602,10,57,1
2415,,,,3247,17,7,1
2416,,Femenino,Quito,1651,17,179,0
2417,,,Ambato,1942,3,98,0
2418,66,Masculino,Guayaquil,1540,1,62,0
2419,,Femenino,Quito,2875,10,39,1
2420,58,Femenino,Guayaquil,3570,2,8,0
2421,,,Quito,1768,4,0,0
2422,48,Femenino,Ambato,1466,11,176,0
2423,,Masculino,Ambato,918,3,93,0
2424,,Femenino,Quito,818,12,177,0
2425,,Femenino,Guayaquil,1690,11,59,0
2426,,,Guayaquil,2860,13,108,1
2427,,Femenino,Ambato,2761,17,7,0
2428,,Masculino,Quito,1092,18,173,0
2429,57,Masculino,,3931,11,136,0
2430,59,Masculino,Cuenca,4740,16,45,0
2431,62,Femenino,Ambato,3107,1,124,1
2432,,Femenino,Ambato,2517,5,11,1
2433,,Femenino,,3422,10,132,0
2434,,Masculino,Quito,1604,17,169,0
2435,,Masculino,Quito,4950,15,139,0
2436,,Femenino,Quito,981,4,85,1
2437,,Masculino,Quito,2177,9,17,0
2438,,,Guayaquil,2484,14,79,0
2439,53,,Quito,472,4,118,0
2440,,Masculino,,4429,7,121,1
2441,56,Masculino,,3221,16,25,0
2442,,Masculino,Guayaquil,2328,11,74,1
2443,30,Masculino,Ambato,3388,11,68,0
2444,,Masculino,Guayaquil,3447,8,160,0
2445,44,Femenino,Ambato,1075,2,96,0
2446,,Masculino,Quito,3297,18,20,0
2447,,Femenino,Cuenca,4275,6,48,0
2448,45,Masculino,Quito,4353,7,88,1
2449,,Femenino,Ambato,4024,0,139,0
2450,,Masculino,Quito,4751,7,34,1
2451,57,Masculino,Guayaquil,3938,17,29,0
2452,,Masculino,Guayaquil,4594,4,101,1
2453,,,Cuenca,3862,6,163,0
2454,,Masculino,Quito,4314,4,8,0
2455,69,Femenino,Quito,1412,5,127,0
2456,,Masculino,Guayaquil,2187,13,69,1
2457,20,,Ambato,4150,19,17,1
2458,,,Ambato,4240,10,80,0
2459,,,,2487,13,119,0
2460,,Masculino,,4806,2,132,0
2461,67,,Ambato,2142,16,77,0
2462,29,Femenino,Quito,620,19,40,0
2463,41,,,4338,1,128,0
2464,,,,2590,12,133,1
2465,36,Femenino,Quito,,14,156,0
2466,25,Femenino,,4882,14,69,1
2467,,Masculino,,2781,3,142,1
2468,,Masculino,Guayaquil,4691,13,173,0
2469,,,Cuenca,3661,13,103,0
2470,48,Masculino,Ambato,2236,7,143,1
2471,,,Quito,4879,3,94,1
2472,,Femenino,Cuenca,922,15,159,0
2473,37,,Cuenca,4079,11,123,0
2474,49,Femenino,Guayaquil,990,18,52,0
2475,63,Femenino,Ambato,2495,17,25,1
2476,,Masculino,Quito,1454,12,132,0
2477,,Masculino,Cuenca,1931,9,98,0
2478,,Masculino,Guayaquil,,11,72,0
2479,,,Guayaquil,4013,2,69,1
2480,,,Cuenca,4499,5,34,0
2481,36,Femenino,Guayaquil,4899,8,126,0
2482,,,Cuenca,3995,19,1,0
2483,,Femenino,Cuenca,920,0,163,1
2484,,,Quito,2069,15,27,0
2485,,Femenino,Quito,4879,11,29,0
2486,49,Femenino,Ambato,4657,17,139,1
2487,,Masculino,Ambato,604,6,117,1
2488,34,,Ambato,3907,18,14,1
2489,,Masculino,Guayaquil,2391,16,105,0
2490,,,,4573,6,92,0
2491,,Femenino,,1008,9,168,0
2492,,Femenino,Quito,4738,4,11,1
2493,,,Cuenca,2892,6,4,1
2494,,Masculino,,4059,5,70,1
2495,,Masculino,Cuenca,2265,15,141,0
2496,69,Femenino,Cuenca,2007,7,41,0
2497,,Masculino,Guayaquil,1274,2,95,1
2498,58,Femenino,Guayaquil,4643,6,107,0
2499,,,Cuenca,3231,7,73,0
2500,,Femenino,Ambato,4591,14,109,0
2501,68,Femenino,Cuenca,3767,2,6,0
2502,,,Ambato,530,3,47,1
2503,,Masculino,Quito,2034,7,103,0
2504,,Masculino,Guayaquil,732,4,147,0
2505,,Masculino,Cuenca,2502,4,46,0
2506,26,Masculino,Ambato,2186,7,169,0
2507,31,Masculino,Quito,4497,12,147,0
2508,,,,3482,15,70,0
2509,,,Ambato,3966,12,111,1
2510,25,Femenino,Ambato,4398,4,84,1
2511,36,,,4613,19,66,0
2512,,Femenino,Quito,1535,8,47,0
2513,,,Guayaquil,4012,18,161,0
2514,,Femenino,Cuenca,4162,8,14,0
2515,24,Femenino,Cuenca,1022,18,88,1
2516,61,Femenino,Cuenca,3707,18,37,0
2517,61,Femenino,Cuenca,2752,3,60,0
2518,20,Masculino,Guayaquil,1663,16,153,1
2519,69,Masculino,Guayaquil,2865,17,46,1
2520,,,Guayaquil,3705,1,34,0
2521,,Femenino,Ambato,4556,18,69,0
2522,42,Masculino,,3129,5,171,1
2523,,Masculino,Ambato,1536,3,162,0
2524,,Masculino,Guayaquil,2646,11,83,0
2525,,Femenino,Guayaquil,,11,122,0
2526,,,,1059,6,12,0
2527,,Masculino,Quito,2182,11,56,0
2528,,Masculino,Quito,3069,0,68,0
2529,,Masculino,Cuenca,4054,16,178,0
2530,,Masculino,Ambato,1179,9,123,1
2531,,Masculino,Cuenca,2061,15,102,1
2532,,Femenino,Ambato,3138,3,144,0
2533,,Femenino,Cuenca,2517,10,25,0
2534,,,Quito,4823,19,170,0
2535,,Femenino,Ambato,2382,0,153,1
2536,36,Masculino,Guayaquil,3108,12,40,0
2537,62,,Quito,2688,4,61,0
2538,64,Masculino,Guayaquil,941,0,10,0
2539,,Masculino,Quito,4899,1,19,1
2540,50,,Quito,1807,2,179,0
2541,,Femenino,Quito,1165,16,167,1
2542,,Femenino,Guayaquil,3303,15,155,0
2543,,,Cuenca,2239,11,96,0
2544,,,,4672,11,14,0
2545,,,Quito,4143,1,43,1
2546,64,,,697,3,142,1
2547,,Femenino,,4195,7,174,1
2548,,Femenino,Quito,4891,7,22,0
2549,,Masculino,Guayaquil,4943,15,65,0
2550,37,Masculino,Ambato,925,13,128,0
2551,69,,Ambato,,5,45,0
2552,,Femenino,Ambato,414,12,151,1
2553,,,Ambato,4272,19,59,0
2554,,Femenino,Cuenca,1284,19,59,0
2555,,,,4901,0,73,0
2556,,,,638,0,37,0
2557,,Masculino,,1622,15,1,1
2558,33,Masculino,Guayaquil,3154,14,38,1
2559,,Masculino,Quito,2272,7,67,0
2560,19,Femenino,Ambato,3270,7,34,0
2561,,,Quito,4554,16,135,0
2562,,,,4130,19,171,0
2563,,Femenino,Ambato,3780,3,134,1
2564,,Masculino,Ambato,,1,20,0
2565,40,Masculino,,2767,18,77,1
2566,19,Masculino,Cuenca,3238,15,10,0
2567,28,Femenino,Quito,2747,6,19,1
2568,42,,Ambato,4884,2,15,1
2569,,Femenino,,3540,19,51,1
2570,,Masculino,Ambato,4847,7,69,0
2571,19,,Ambato,3796,19,140,0
2572,48,Masculino,Cuenca,1205,10,65,1
2573,,,Guayaquil,2290,12,166,0
2574,,,Ambato,4388,3,43,0
2575,,Masculino,Guayaquil,4182,12,164,1
2576,30,Masculino,Quito,987,6,118,0
2577,,Masculino,Cuenca,490,11,72,1
2578,,Masculino,Quito,4535,9,45,0
2579,,Femenino,,472,18,101,0
2580,,Masculino,Guayaquil,4502,8,113,0
2581,,,Guayaquil,1977,9,49,0
2582,,Femenino,Guayaquil,3900,14,154,0
2583,47,Femenino,Guayaquil,4326,3,22,0
2584,,Femenino,Guayaquil,788,17,178,0
2585,54,Femenino,Quito,2500,1,38,0
2586,,Femenino,,2324,6,176,1
2587,34,Femenino,Quito,1586,10,124,0
2588,,,Ambato,426,17,89,1
2589,,,Quito,1370,13,143,0
2590,,,,1234,0,134,0
2591,,Masculino,Quito,2554,15,126,0
2592,32,Masculino,Ambato,4966,16,51,1
2593,,Femenino,Quito,4599,8,101,0
2594,,Masculino,,4493,14,47,1
2595,,,,4454,0,45,0
2596,,Femenino,Guayaquil,4477,7,75,0
2597,27,Masculino,,2327,9,68,1
2598,,Femenino,,2327,18,126,1
2599,,,Cuenca,1455,18,114,0
2600,,Femenino,,4892,16,125,0
2601,,Masculino,Quito,4756,12,54,0
2602,26,,Cuenca,1076,12,129,0
2603,,Femenino,Quito,1096,12,7,0
2604,46,Femenino,Ambato,3508,19,135,0
2605,,Femenino,Quito,3887,3,97,0
2606,,,Ambato,1389,9,93,0
2607,52,Masculino,Ambato,2511,6,50,0
2608,,,Guayaquil,4855,6,135,1
2609,51,Femenino,Quito,3232,2,58,1
2610,,Masculino,Guayaquil,3875,4,62,0
2611,,Masculino,Cuenca,3976,3,17,0
2612,,,Ambato,630,18,32,0
2613,,Masculino,Guayaquil,4572,16,133,0
2614,,Femenino,Quito,3306,2,146,0
2615,,Masculino,Guayaquil,2567,4,58,0
2616,45,Masculino,,1117,8,19,0
2617,53,Masculino,Quito,2374,18,165,1
2618,,Masculino,Quito,2112,13,161,0
2619,39,Masculino,Guayaquil,2064,3,152,1
2620,,Femenino,Quito,2594,9,153,1
2621,39,Femenino,Quito,2841,13,82,1
2622,57,Masculino,Quito,4794,15,8,1
2623,,Masculino,,3111,14,55,0
2624,,Masculino,Cuenca,4211,9,30,1
2625,48,,Cuenca,1668,13,163,0
2626,,,Quito,2631,18,108,0
2627,,Femenino,,3673,12,99,0
2628,,,,2161,13,57,1
2629,,Masculino,Guayaquil,4745,7,18,0
2630,45,Masculino,Ambato,3429,4,134,0
2631,21,Masculino,Cuenca,4325,18,3,0
2632,38,Femenino,Quito,1387,10,25,0
2633,,Femenino,Cuenca,3613,18,35,0
2634,,Femenino,Guayaquil,4424,9,44,1
2635,,Masculino,Guayaquil,3112,19,120,0
2636,,,Guayaquil,1492,11,156,0
2637,65,Masculino,Guayaquil,3471,0,107,0
2638,,,Ambato,1110,9,38,0
2639,,Femenino,Cuenca,3392,18,167,0
2640,31,Femenino,Cuenca,1088,15,33,0
2641,,Masculino,Cuenca,677,6,124,0
2642,,,Ambato,4118,12,97,0
2643,19,,Quito,1346,13,86,1
2644,,,Cuenca,3064,0,154,1
2645,,,Cuenca,4239,19,60,0
2646,65,Masculino,Cuenca,969,11,126,0
2647,23,,Cuenca,4152,3,173,1
2648,,Femenino,Cuenca,1817,13,138,1
2649,,,,2691,5,110,1
2650,,,,1386,11,143,1
2651,,,Quito,929,7,112,0
2652,,Femenino,,4174,10,115,0
2653,47,Masculino,Guayaquil,3530,4,16,0
2654,,Femenino,Quito,3287,9,110,1
2655,,Masculino,Ambato,4503,3,175,0
2656,,Femenino,Quito,1243,7,179,1
2657,,Masculino,Quito,4053,3,101,1
2658,42,,Ambato,1172,5,45,0
2659,,,Ambato,3822,0,127,1
2660,,Masculino,Guayaquil,4421,3,53,0
2661,,Femenino,Cuenca,902,0,173,0
2662,,Femenino,Ambato,3622,4,140,1
2663,19,Femenino,Guayaquil,4302,14,146,0
2664,,,Guayaquil,2364,13,6,0
2665,,Femenino,Quito,1409,18,92,0
2666,,Femenino,Ambato,,9,30,0
2667,,Femenino,,3997,0,23,0
2668,,Femenino,Cuenca,2865,4,63,0
2669,35,,Cuenca,682,8,57,1
2670,,Masculino,,3908,3,123,0
2671,,Femenino,Ambato,4859,19,64,0
2672,24,Masculino,Quito,3876,5,76,0
2673,,Femenino,Guayaquil,3173,15,33,0
2674,,,Quito,4795,12,111,0
2675,,Masculino,,2893,1,51,0
2676,42,Femenino,Cuenca,3781,0,20,0
2677,28,Femenino,Cuenca,827,18,38,1
2678,,Femenino,Cuenca,2527,14,17,0
2679,,Masculino,,2588,4,11,0
2680,56,Femenino,Cuenca,3848,0,110,0
2681,,Femenino,Cuenca,1808,18,160,0
2682,18,Masculino,Ambato,3397,0,35,0
2683,60,Masculino,Cuenca,594,14,122,0
2684,27,,,1444,3,72,1
2685,,Masculino,Ambato,2350,18,66,0
2686,25,,Ambato,2149,5,149,0
2687,44,Femenino,Ambato,2385,8,93,0
2688,,Femenino,,3287,16,146,0
2689,,Femenino,,2213,12,141,0
2690,43,Masculino,Ambato,4899,7,22,1
2691,,,Quito,2781,12,79,0
2692,,,Guayaquil,4606,0,70,0
2693,,Femenino,Guayaquil,2382,7,54,0
2694,36,,Guayaquil,2789,12,140,0
2695,,Femenino,Guayaquil,4221,17,87,1
2696,,Masculino,,3221,4,171,0
2697,,Femenino,Cuenca,540,9,17,1
2698,,Masculino,Ambato,1429,9,77,1
2699,,,Ambato,1504,2,79,1
2700,,Femenino,Guayaquil,959,17,79,0
2701,40,Femenino,Quito,3915,5,121,0
2702,20,Masculino,Quito,1719,5,46,1
2703,,,Ambato,2730,7,90,0
2704,,Masculino,,1790,5,91,0
2705,,Masculino,Ambato,4642,6,5,1
2706,,Masculino,Ambato,1999,18,155,0
2707,,Masculino,Cuenca,1741,14,56,0
2708,,,Cuenca,4362,10,112,0
2709,,,Ambato,2883,14,161,1
2710,,Femenino,Ambato,2629,3,7,1
2711,,Femenino,Ambato,1325,11,158,1
2712,24,Femenino,Guayaquil,1286,13,36,1
2713,,Femenino,Quito,2068,11,134,0
2714,67,Masculino,,1538,18,134,0
2715,55,Masculino,Guayaquil,1879,2,163,0
2716,,,,2160,0,116,0
2717,,Masculino,,1331,18,80,0
2718,,,Ambato,,14,153,1
2719,,,Quito,3383,18,32,0
2720,57,Femenino,Cuenca,2563,8,96,1
2721,,Femenino,Cuenca,697,3,35,0
2722,45,,Ambato,1647,1,12,0
2723,31,,,974,17,72,1
2724,66,Masculino,,3950,3,102,0
2725,,Femenino,,981,5,154,0
2726,40,,Ambato,1577,11,165,1
2727,,,Ambato,2157,4,2,1
2728,,Masculino,,4730,19,137,1
2729,63,,Cuenca,3589,3,129,0
2730,,,,471,14,150,0
2731,51,Femenino,Guayaquil,439,15,53,0
2732,,Masculino,Quito,3197,4,129,0
2733,,Femenino,Quito,1508,9,84,0
2734,,,Cuenca,4769,14,152,0
2735,,,Cuenca,4245,16,100,0
2736,,Masculino,Guayaquil,633,9,79,0
2737,,Masculino,Quito,1658,3,51,0
2738,68,Femenino,,3700,7,8,1
2739,,Femenino,Quito,2417,13,15,0
2740,,Femenino,,3030,3,170,1
2741,,,,3093,18,7,0
2742,,,Ambato,567,7,175,1
2743,,Femenino,,4693,1,159,1
2744,,Femenino,Guayaquil,3128,4,101,0
2745,59,,Quito,3317,5,16,0
2746,,Femenino,Quito,1302,19,175,0
2747,,Masculino,,2370,10,83,0
2748,53,Masculino,Ambato,1544,2,68,0
2749,53,,Quito,3178,0,45,0
2750,,,Cuenca,4585,11,146,1
2751,,,Quito,4821,10,101,1
2752,,,Cuenca,2962,16,71,0
2753,,Masculino,Ambato,3816,4,47,1
2754,,Femenino,Quito,764,18,142,0
2755,48,,,2418,17,61,1
2756,,Masculino,Quito,1017,17,103,0
2757,,Masculino,,4383,16,130,0
2758,,Femenino,,2127,4,54,0
2759,,Masculino,Ambato,3503,14,0,0
2760,32,Femenino,Ambato,3838,6,51,0
2761,,Masculino,Quito,2441,13,67,0
2762,,Femenino,Guayaquil,2090,6,28,1
2763,,Femenino,Quito,1160,15,167,0
2764,,Masculino,Ambato,3450,10,140,0
2765,,,Ambato,2031,14,160,0
2766,,,Cuenca,2848,10,179,1
2767,,Femenino,Cuenca,3126,5,131,1
2768,,Femenino,Cuenca,2494,11,109,0
2769,,Masculino,Ambato,4156,3,164,1
2770,,Femenino,Quito,459,4,33,1
2771,39,,Guayaquil,4586,2,143,1
2772,62,,Ambato,3855,8,9,1
2773,,Femenino,Ambato,1772,14,110,1
2774,,Femenino,Ambato,2905,9,100,0
2775,,,Cuenca,2596,12,62,1
2776,46,,Guayaquil,3574,1,172,1
2777,,,Quito,4523,0,85,0
2778,26,Masculino,Guayaquil,4179,18,91,0
2779,,Masculino,Quito,1507,17,106,0
2780,,Femenino,,2913,14,91,1
2781,,,Cuenca,488,9,90,0
2782,,,Quito,2319,18,63,1
2783,,Masculino,Guayaquil,1882,8,51,0
2784,,Masculino,Ambato,647,0,167,0
2785,32,Femenino,Quito,4905,2,91,0
2786,,Femenino,,3423,18,170,1
2787,57,,Cuenca,3799,14,43,0
2788,48,Femenino,Guayaquil,3488,7,156,1
2789,,Femenino,Ambato,2240,7,1,1
2790,47,,Quito,4459,10,42,1
2791,62,Femenino,Guayaquil,2957,1,31,0
2792,66,Femenino,Ambato,4588,2,89,1
2793,,Femenino,Cuenca,870,6,1,0
2794,,Masculino,Quito,1110,10,79,1
2795,,Masculino,Cuenca,4839,1,173,0
2796,,Masculino,Ambato,993,15,25,0
2797,,,Cuenca,4546,6,156,0
2798,27,Masculino,,3371,7,54,0
2799,,,Quito,3435,15,5,1
2800,,Femenino,,1221,14,168,1
2801,,,Quito,4074,7,158,1
2802,65,Femenino,Ambato,486,9,90,0
2803,,Masculino,Guayaquil,2940,10,25,0
2804,,,Cuenca,2183,17,21,0
2805,38,Masculino,Cuenca,435,1,29,0
2806,,,Ambato,2046,2,175,0
2807,23,,Ambato,2067,16,172,0
2808,,Femenino,,2861,9,60,1
2809,48,,,1690,1,131,1
2810,56,,Guayaquil,4980,17,151,0
2811,,Masculino,Cuenca,4337,17,154,0
2812,42,,Guayaquil,2954,13,153,0
2813,,Femenino,Guayaquil,1680,12,33,1
2814,,Femenino,Ambato,1901,6,46,0
2815,,Femenino,Ambato,1466,3,21,0
2816,,,Quito,1358,0,45,0
2817,,,,2303,1,159,1
2818,64,Masculino,Ambato,2813,4,27,0
2819,,Femenino,Quito,4441,3,37,0
2820,69,,Ambato,4778,11,61,0
2821,36,Femenino,,4150,19,168,0
2822,68,Masculino,Ambato,2355,19,142,1
2823,63,Masculino,,2537,0,130,0
2824,,Femenino,Ambato,1936,10,62,0
2825,18,Masculino,Quito,3850,15,162,0
2826,,Femenino,Ambato,2814,9,151,0
2827,67,,,2061,16,59,1
2828,,Femenino,Ambato,3281,12,57,0
2829,,Masculino,,3007,10,147,1
2830,,Femenino,,4876,19,119,0
2831,,,Quito,4314,16,95,0
2832,,Masculino,Cuenca,4382,19,157,0
2833,,Femenino,Quito,1790,11,77,0
2834,,Masculino,,1867,13,95,0
2835,,Femenino,Guayaquil,1330,14,7,0
2836,32,Femenino,,1950,7,4,1
2837,,,,1278,15,81,1
2838,,Femenino,Guayaquil,2749,6,71,1
2839,,,Guayaquil,751,13,71,1
2840,,Femenino,Ambato,2654,4,147,1
2841,,,Cuenca,3082,17,91,1
2842,,,,4415,0,49,1
2843,,,Guayaquil,2219,3,21,0
2844,,Femenino,Cuenca,4389,0,14,0
2845,,Femenino,,4022,6,161,0
2846,68,,Cuenca,982,10,83,0
2847,,,,3979,15,129,0
2848,,Femenino,,2381,13,142,1
2849,,Femenino,Cuenca,3339,18,141,0
2850,,,Guayaquil,1786,5,88,1
2851,68,Femenino,Ambato,2834,8,51,0
2852,,Femenino,,800,10,130,0
2853,,,Quito,3920,16,46,0
2854,,,,3831,6,72,0
2855,,Femenino,Guayaquil,4605,19,8,0
2856,,,,3396,16,23,0
2857,,,Ambato,4665,11,102,0
2858,37,Masculino,Quito,1709,2,81,1
2859,24,,Ambato,970,5,5,0
2860,,,Cuenca,1900,17,132,0
2861,68,Masculino,Cuenca,4329,7,83,0
2862,,,Ambato,4469,11,81,1
2863,53,Masculino,Quito,3708,10,54,0
2864,,,Cuenca,2302,9,106,1
2865,,,Guayaquil,1066,10,91,0
2866,49,,Quito,3691,8,132,0
2867,49,Femenino,,696,18,74,1
2868,,Masculino,Guayaquil,4875,18,11,0
2869,,Masculino,Ambato,531,4,122,1
2870,,,Guayaquil,1501,9,7,0
2871,,,Quito,4509,10,41,0
2872,23,Femenino,Ambato,3726,10,160,0
2873,,,Quito,4777,17,15,1
2874,36,Masculino,Cuenca,2013,14,35,0
2875,56,,,4890,15,134,1
2876,57,Femenino,Cuenca,1904,9,114,0
2877,53,,Ambato,1631,13,55,0
2878,,,Guayaquil,1039,6,24,0
2879,57,Masculino,Quito,1540,19,168,0
2880,40,Masculino,Ambato,2564,8,84,0
2881,54,Masculino,Guayaquil,1431,4,23,0
2882,63,,Guayaquil,2279,18,85,0
2883,,Femenino,,3899,18,97,1
2884,,Femenino,Cuenca,2716,2,59,1
2885,46,Femenino,Cuenca,2983,3,90,0
2886,,Masculino,,2123,17,26,0
2887,61,Masculino,,4038,0,102,0
2888,,Masculino,Cuenca,3509,12,4,0
2889,,Femenino,Guayaquil,2970,5,3,0
2890,23,Masculino,Ambato,3407,5,126,0
2891,,,,2400,18,159,1
2892,,Femenino,Quito,3081,5,71,0
2893,,Femenino,Cuenca,3113,2,23,1
2894,54,Femenino,Cuenca,3989,11,121,0
2895,,Femenino,Guayaquil,1456,5,47,0
2896,29,Femenino,Ambato,4845,2,95,1
2897,,Femenino,Quito,3380,4,128,0
2898,,Femenino,Guayaquil,948,18,17,0
2899,,Femenino,Cuenca,2619,15,21,1
2900,,Femenino,Cuenca,2456,7,118,1
2901,,Femenino,Guayaquil,4587,5,74,1
2902,,Masculino,Quito,2642,6,169,0
2903,30,Femenino,Ambato,1114,3,110,1
2904,,,Ambato,1553,8,168,0
2905,,,,1819,4,133,0
2906,,,Quito,3852,12,22,0
2907,25,Masculino,Guayaquil,3191,10,91,0
2908,,Masculino,,4284,2,100,1
2909,25,Femenino,,3027,7,17,1
2910,,,Ambato,4547,0,14,0
2911,55,Femenino,Ambato,2408,6,114,1
2912,66,Masculino,Cuenca,2484,13,12,0
2913,26,Femenino,,519,12,178,0
2914,29,Femenino,,1534,5,21,0
2915,,Femenino,Guayaquil,2194,6,69,1
2916,,Masculino,,1013,14,128,1
2917,65,,,3621,15,23,0
2918,,Femenino,Cuenca,,5,145,0
2919,,Masculino,Quito,3619,19,80,0
2920,,Masculino,,1409,7,23,0
2921,,,Ambato,3518,4,92,0
2922,,Masculino,Cuenca,4840,18,68,1
2923,,Masculino,Guayaquil,1901,6,29,0
2924,,Femenino,Guayaquil,2469,12,128,1
2925,,,Ambato,2074,18,6,0
2926,,Masculino,Quito,444,16,32,0
2927,45,,Ambato,,19,131,0
2928,51,Masculino,,3649,8,150,1
2929,60,Femenino,Cuenca,4413,1,98,0
2930,,,Ambato,926,6,116,0
2931,,Masculino,Cuenca,1846,14,103,0
2932,,Masculino,,2273,0,55,1
2933,,Masculino,Cuenca,2745,6,32,1
2934,39,Femenino,,1686,10,81,0
2935,,Femenino,Cuenca,2793,17,146,0
2936,54,Masculino,Quito,3382,17,43,0
2937,52,Masculino,Guayaquil,3396,12,143,0
2938,69,Masculino,Guayaquil,2512,12,98,0
2939,,Masculino,,,7,4,0
2940,,Masculino,Cuenca,3987,16,25,1
2941,,Femenino,Quito,3079,3,77,0
2942,37,Femenino,Guayaquil,4898,2,64,0
2943,44,Masculino,,3250,18,41,1
2944,,,Guayaquil,2587,5,139,0
2945,,Masculino,Cuenca,4446,6,178,0
2946,,Femenino,Cuenca,2144,16,97,0
2947,,Masculino,Cuenca,1384,16,140,1
2948,36,Masculino,Quito,2153,11,101,1
2949,,Masculino,Ambato,4215,4,162,0
2950,,Masculino,Ambato,3359,18,88,0
2951,29,Masculino,Ambato,1086,0,177,1
2952,,Masculino,,2827,0,142,1
2953,43,,Guayaquil,1572,8,88,1
2954,,Masculino,,3437,6,32,0
2955,57,,Cuenca,3820,14,131,0
2956,,Femenino,Quito,780,19,179,0
2957,,,Guayaquil,4113,10,145,1
2958,34,Masculino,Guayaquil,4310,0,51,1
2959,,,Cuenca,4868,0,65,0
2960,59,Masculino,Cuenca,4171,2,73,0
2961,,,,418,0,63,1
2962,52,Masculino,Quito,2207,11,143,0
2963,40,Masculino,Guayaquil,3180,2,16,1
2964,29,Femenino,Guayaquil,2007,16,61,0
2965,,Masculino,,4591,0,149,1
2966,27,Femenino,Ambato,2351,12,31,0
2967,47,Masculino,Cuenca,2292,8,160,0
2968,45,Femenino,Cuenca,411,7,16,0
2969,,Masculino,Cuenca,1648,16,12,1
2970,35,Femenino,Quito,904,10,23,0
2971,26,Masculino,,2207,16,123,1
2972,30,Masculino,,2510,3,122,0
2973,36,Masculino,,3359,17,77,1
2974,,Masculino,,1635,3,24,1
2975,46,Femenino,Cuenca,1424,18,179,0
2976,64,Femenino,Guayaquil,2641,3,163,1
2977,,Masculino,Quito,4206,3,12,1
2978,,,Guayaquil,1604,13,10,1
2979,,,Cuenca,2952,18,162,1
2980,,Masculino,,1758,16,169,0
2981,,Femenino,,1567,18,35,1
2982,,,Guayaquil,1727,9,179,0
2983,,Femenino,,564,3,150,1
2984,,Masculino,Ambato,3072,13,60,0
2985,,,Cuenca,3590,10,0,1
2986,,Femenino,,3006,5,7,0
2987,,,Ambato,2454,17,76,0
2988,,Masculino,Quito,3307,7,76,1
2989,,Masculino,,635,14,2,0
2990,39,Masculino,,1494,6,5,1
2991,,Femenino,Cuenca,2100,16,76,1
2992,,Femenino,Quito,2096,18,7,0
2993,,,Quito,946,2,9,1
2994,59,Masculino,Cuenca,1140,3,44,0
2995,,Femenino,Ambato,679,10,146,1
2996,42,,Guayaquil,1898,2,168,1
2997,,,Ambato,1570,7,21,1
2998,,,Quito,3812,9,146,0
2999,,Masculino,Cuenca,3083,15,112,1
3000,64,Masculino,Ambato,1335,7,160,0
